actual_cleared,algorithm,average_time_s,clear_attempts,cleared,coverage_certificate,dataset,directional,distance_m,failed_clears,fallback_count,full_scan_count,local_pipeline_wall_s,measures,mesh_nodes,mode,official_validated,pending_nodes,pending_tracks,recoveries,route_calls,seed,selected_candidate,shared_measures,status,strategy_wall_s_excluding_init,stress,study_config,switches,total,virtual_time_s
11,candidate,551.2641732191868,11,11,,development,7,21594.529527055285,0,0,22,3.3991625999915414,284,22,q4,False,0,0,0,32,1,,23,complete_coverage,2.6569644999690354,random,defer22,270,11,6063.905905411055
11,original,616.6460198510423,23,11,32_triangles_exact_coordinate_checks,development,7,22600.531091807312,12,2,25,2.915439900010824,364,25,q4,False,0,0,0,35,1,ring_multi_optical,23,complete_coverage,2.8488950000028126,random,previous,352,11,6783.106218361465
14,candidate,415.1430478784959,16,14,,development,5,20540.013351494705,2,1,22,4.073385900002904,273,22,q4,False,0,0,0,35,2,,38,complete_coverage,3.3392845999915153,random,defer22,263,14,5812.002670298943
14,original,422.69293718695826,31,14,32_triangles_exact_coordinate_checks,development,5,21828.505603087084,17,2,25,4.752063399995677,241,25,q4,False,0,0,0,38,2,ring_multi_optical,36,complete_coverage,4.720077899983153,random,previous,226,14,5917.701120617416
13,candidate,477.75503032338816,17,13,,development,6,22139.07697102023,4,1,22,3.317007499979809,286,22,q4,False,0,0,0,34,3,,38,complete_coverage,2.549452700011898,random,defer22,276,13,6210.815394204046
13,original,466.17136543992626,40,13,32_triangles_exact_coordinate_checks,development,6,21296.13875359519,27,6,25,3.8459963999921456,279,25,q4,False,0,0,0,37,3,ring_multi_optical,34,complete_coverage,3.7967117000371218,random,previous,260,13,6060.227750719041
15,candidate,382.3015604336936,16,15,,development,8,21922.61703252703,1,1,22,3.368270000035409,214,22,q4,False,0,0,0,36,4,,38,complete_coverage,2.7267985999933444,random,defer22,202,15,5734.523406505405
15,original,430.513710548259,60,15,32_triangles_exact_coordinate_checks,development,8,24213.52829111941,45,3,25,4.180815399973653,237,25,q4,False,0,0,2,39,4,ring_multi_optical,30,complete_coverage,4.157645899977069,random,previous,220,15,6457.705658223885
11,candidate,550.9095371108514,19,11,,development,7,21715.02454109683,8,3,22,2.679217000026256,275,22,q4,False,0,0,0,32,5,,27,complete_coverage,2.1185760000371374,random,defer22,263,11,6060.004908219365
11,original,581.5091854585836,39,11,32_triangles_exact_coordinate_checks,development,7,21488.00520022206,28,5,25,2.617516099999193,329,25,q4,False,0,0,0,35,5,ring_multi_optical,17,complete_coverage,2.596874199982267,random,previous,315,11,6396.601040044419
10,candidate,560.5531280627137,13,10,,development,5,19657.656403135687,3,2,22,2.528543399996124,271,22,q4,False,0,0,0,31,6,,24,complete_coverage,2.0197455000015907,random,defer22,260,10,5605.531280627137
10,original,616.4626696978404,27,10,32_triangles_exact_coordinate_checks,development,5,20443.133484892027,17,2,25,2.427331800048705,331,25,q4,False,0,0,0,34,6,ring_multi_optical,30,complete_coverage,2.398537899949588,random,previous,320,10,6164.626696978404
13,candidate,468.24599753376356,21,13,,development,7,22850.989839694637,8,1,22,3.0319670000462793,240,22,q4,False,0,0,0,34,7,,30,complete_coverage,2.528793800040148,random,defer22,228,13,6087.197967938926
13,original,464.2899486554635,22,13,32_triangles_exact_coordinate_checks,development,7,21583.84666260512,9,2,25,3.36889419995714,274,25,q4,False,0,0,0,37,7,ring_multi_optical,35,complete_coverage,3.34170799999265,random,previous,257,13,6035.769332521026
16,candidate,373.89327744073677,19,16,,development,6,22996.46219525894,3,2,22,3.5301115000038408,218,22,q4,False,0,0,0,37,8,,37,complete_upper_bound,2.928540199995041,random,defer22,204,16,5982.292439051788
16,original,354.18685200626396,22,16,32_triangles_exact_coordinate_checks,development,6,21034.94816050111,6,3,22,4.355632600025274,229,25,q4,False,3,0,0,37,8,ring_multi_optical,38,complete_upper_bound,4.313518900016788,random,previous,217,16,5666.989632100223
14,candidate,409.9985733059022,14,14,,development,6,20749.90013141316,0,0,22,3.565544700017199,255,22,q4,False,0,0,0,35,9,,30,complete_coverage,3.039663199975621,random,defer22,245,14,5739.980026282631
14,original,444.46116021074624,30,14,32_triangles_exact_coordinate_checks,development,6,22017.281214752238,16,3,25,3.463523200014606,285,25,q4,False,0,0,0,38,9,ring_multi_optical,24,complete_coverage,3.438009300036356,random,previous,276,14,6222.456242950448
13,candidate,454.2332496067945,14,13,,development,7,21610.161224441643,1,1,22,3.446726399997715,255,22,q4,False,0,0,0,34,10,,27,complete_coverage,2.8305975000257604,random,defer22,240,13,5905.032244888329
13,original,476.1818850791899,28,13,32_triangles_exact_coordinate_checks,development,7,22436.822530147336,15,2,25,4.112636900041252,268,25,q4,False,0,0,2,37,10,ring_multi_optical,32,complete_coverage,4.0886513000004925,random,previous,253,13,6190.364506029468
12,candidate,494.2159784071327,12,12,,development,9,21572.958704427976,0,0,22,3.7723654999863356,261,22,q4,False,0,0,0,33,11,,33,complete_coverage,3.127394200011622,random,defer22,251,12,5930.591740885592
12,original,544.0312720083829,34,12,32_triangles_exact_coordinate_checks,development,9,22886.876320502965,22,4,25,3.847646399983205,307,25,q4,False,0,0,0,36,11,ring_multi_optical,34,complete_coverage,3.819408400042448,random,previous,290,12,6528.375264100594
10,candidate,585.835133500118,10,10,,development,3,19666.756675005898,0,0,22,3.134425900003407,315,22,q4,False,0,0,0,31,12,,23,complete_coverage,2.376486199966166,random,defer22,300,10,5858.35133500118
10,original,649.1765993024135,16,10,32_triangles_exact_coordinate_checks,development,3,22028.829965120665,6,3,25,3.110007699986454,339,25,q4,False,0,0,0,34,12,ring_multi_optical,20,complete_coverage,3.081441599992104,random,previous,323,10,6491.765993024134
15,candidate,405.75388102513523,24,15,,development,5,23681.541076885165,9,3,22,4.062804799992591,210,22,q4,False,0,0,0,36,13,,35,complete_coverage,3.423162700026296,random,defer22,198,15,6086.308215377028
15,original,401.35424353382234,32,15,32_triangles_exact_coordinate_checks,development,5,22811.56826503667,17,4,25,4.64891670003999,224,25,q4,False,0,0,2,39,13,ring_multi_optical,30,complete_coverage,4.609322500007693,random,previous,212,15,6020.313653007335
15,candidate,421.87811667416906,27,15,,development,9,23520.858750562682,12,2,22,3.618261999974493,254,22,q4,False,0,0,0,36,14,,46,complete_coverage,2.93740620004246,random,defer22,243,15,6328.171750112536
15,original,388.35970784785513,33,15,32_triangles_exact_coordinate_checks,development,9,21576.97808858913,18,4,25,4.282661599980202,233,25,q4,False,0,0,0,39,14,ring_multi_optical,39,complete_coverage,4.254887100018095,random,previous,216,15,5825.395617717827
10,candidate,626.5010274249387,14,10,,development,5,21760.05137124695,4,1,22,2.9442011999781244,310,22,q4,False,0,0,0,31,15,,25,complete_coverage,2.1874164000037126,random,defer22,301,10,6265.010274249387
10,original,660.5301864455616,39,10,32_triangles_exact_coordinate_checks,development,5,21961.50932227809,29,4,25,2.639672899967991,348,25,q4,False,0,0,0,34,15,ring_multi_optical,24,complete_coverage,2.6021867999807,random,previous,336,10,6605.301864455617
15,candidate,432.34454839760514,19,15,,development,8,25700.84112982038,4,1,22,4.636910200002603,212,22,q4,False,0,0,2,36,16,,40,complete_coverage,4.030655299953651,random,defer22,198,15,6485.1682259640775
15,original,441.609216139246,46,15,32_triangles_exact_coordinate_checks,development,8,24150.691210443445,31,4,25,4.228756099997554,274,25,q4,False,0,0,0,39,16,ring_multi_optical,35,complete_coverage,4.207629900018219,random,previous,256,15,6624.138242088689
15,candidate,454.5089351920541,22,15,,development,9,26128.170139404057,7,3,22,4.08850790001452,251,22,q4,False,0,0,2,36,17,,32,complete_coverage,3.385206400009338,random,defer22,241,15,6817.634027880811
15,original,435.38840871692463,23,15,32_triangles_exact_coordinate_checks,development,9,23524.130653769345,8,3,25,4.136201599962078,290,25,q4,False,0,0,0,39,17,ring_multi_optical,39,complete_coverage,4.0986810000031255,random,previous,277,15,6530.82613075387
11,candidate,573.5618207507824,11,11,,development,7,22220.90014129303,0,0,22,3.159604499989655,304,22,q4,False,0,0,0,32,18,,39,complete_coverage,2.4994686999707483,random,defer22,290,11,6309.180028258606
11,original,552.0280532838864,35,11,32_triangles_exact_coordinate_checks,development,7,20511.54293061376,24,3,25,3.3717207000008784,309,25,q4,False,0,0,0,35,18,ring_multi_optical,24,complete_coverage,3.3427803000085987,random,previous,298,11,6072.30858612275
14,candidate,406.82787651989605,17,14,,development,6,21082.951356392718,3,1,22,4.494343300000764,235,22,q4,False,0,0,0,35,19,,39,complete_coverage,3.8064181999652646,random,defer22,225,14,5695.590271278545
14,original,406.0710642683961,22,14,32_triangles_exact_coordinate_checks,development,6,20829.974498787706,8,2,25,5.113405300013255,240,25,q4,False,0,0,0,38,19,ring_multi_optical,53,complete_coverage,5.07519369997317,random,previous,225,14,5684.994899757546
13,candidate,429.77001196196034,17,13,,development,5,20560.050777527416,4,1,22,4.173990200040862,235,22,q4,False,0,0,0,34,20,,30,complete_coverage,3.515776799991727,random,defer22,223,13,5587.010155505484
13,original,453.0754981282686,29,13,32_triangles_exact_coordinate_checks,development,5,20819.907378337455,16,4,25,4.519984200014733,272,25,q4,False,0,0,0,37,20,ring_multi_optical,30,complete_coverage,4.478578199981712,random,previous,253,13,5889.981475667491
14,candidate,448.2580130293707,18,14,,development,9,23033.060912055964,4,2,22,4.445173699990846,266,22,q4,False,0,0,0,35,21,,51,complete_coverage,3.768997599952854,random,defer22,257,14,6275.61218241119
14,original,450.2511814774115,57,14,32_triangles_exact_coordinate_checks,development,9,22647.582703418797,43,6,25,5.7292243000119925,265,25,q4,False,0,0,2,38,21,ring_multi_optical,40,complete_coverage,5.69677599996794,random,previous,250,14,6303.5165406837605
10,candidate,596.9281946853464,15,10,,development,6,21111.409734267338,5,1,22,4.330690699978732,283,22,q4,False,0,0,2,31,22,,26,complete_coverage,3.6514925000374205,random,defer22,267,10,5969.281946853464
10,original,620.992544778752,10,10,32_triangles_exact_coordinate_checks,development,6,20704.627238937606,0,0,25,3.9160654000006616,339,25,q4,False,0,0,0,34,22,ring_multi_optical,21,complete_coverage,3.8849772000103258,random,previous,324,10,6209.925447787519
10,candidate,646.2960059643159,10,10,,development,4,22734.8002982158,0,0,22,3.6306674999650568,313,22,q4,False,0,0,0,31,23,,26,complete_coverage,2.7386288000270724,random,defer22,301,10,6462.960059643159
10,original,622.295346598911,24,10,32_triangles_exact_coordinate_checks,development,4,20284.767329945542,14,4,25,3.832326000032481,349,25,q4,False,0,0,0,34,23,ring_multi_optical,32,complete_coverage,3.7663855999708176,random,previous,329,10,6222.95346598911
11,candidate,554.4373591378718,16,11,,development,7,21599.054752582946,5,3,22,3.708918599993922,287,22,q4,False,0,0,0,32,24,,28,complete_coverage,2.708265599969309,random,defer22,274,11,6098.81095051659
11,original,593.6921026247363,42,11,32_triangles_exact_coordinate_checks,development,7,22353.065644360482,31,4,25,3.639660899993032,321,25,q4,False,0,0,0,35,24,ring_multi_optical,20,complete_coverage,3.5781113000120968,random,previous,307,11,6530.613128872099
15,candidate,385.36098862304976,17,15,,development,4,21522.074146728733,2,2,22,4.0183624000055715,234,22,q4,False,0,0,0,36,25,,33,complete_coverage,3.3420336000272073,random,defer22,225,15,5780.4148293457465
15,original,396.52203514217285,19,15,32_triangles_exact_coordinate_checks,development,4,21614.152635662962,4,3,25,4.578974100004416,259,25,q4,False,0,0,0,39,25,ring_multi_optical,37,complete_coverage,4.545480900036637,random,previous,243,15,5947.830527132593
16,candidate,336.1946556002338,24,16,,development,7,19990.5724480187,8,2,20,4.147775699966587,215,22,q4,False,2,0,0,35,26,,39,complete_upper_bound,3.3466697999974713,random,defer22,202,16,5379.11448960374
16,original,350.70238762824687,32,16,32_triangles_exact_coordinate_checks,development,7,21061.191010259747,16,5,23,4.934629600029439,214,25,q4,False,2,0,1,38,26,ring_multi_optical,52,complete_upper_bound,4.911893600015901,random,previous,201,16,5611.23820205195
16,candidate,316.5307105282162,16,16,,development,9,19352.456842257303,0,0,19,3.618608899996616,187,22,q4,False,3,0,0,34,27,,39,complete_upper_bound,3.1078837999957614,random,defer22,179,16,5064.4913684514595
16,original,304.55501454849514,27,16,32_triangles_exact_coordinate_checks,development,9,17929.401163879582,11,3,19,4.117545099987183,197,25,q4,False,6,0,2,34,27,ring_multi_optical,53,complete_upper_bound,4.0988280000165105,random,previous,189,16,4872.880232775922
15,candidate,386.29021212625327,15,15,,development,8,21691.765909468995,0,0,22,3.356514800048899,233,22,q4,False,0,0,0,36,28,,45,complete_coverage,2.849014499981422,random,defer22,216,15,5794.353181893799
15,original,376.2855684425194,22,15,32_triangles_exact_coordinate_checks,development,8,20141.417633188958,7,1,25,3.749034400039818,256,25,q4,False,0,0,0,39,28,ring_multi_optical,43,complete_coverage,3.730872399988584,random,previous,240,15,5644.283526637791
14,candidate,436.15157980885624,14,14,,development,8,22920.610586619943,0,0,22,3.1812818000325933,244,22,q4,False,0,0,0,35,29,,56,complete_coverage,2.669894699996803,random,defer22,232,14,6106.122117323987
14,original,433.28791892320095,34,14,32_triangles_exact_coordinate_checks,development,8,21535.154324624065,20,1,25,3.720203400007449,273,25,q4,False,0,0,0,38,29,ring_multi_optical,52,complete_coverage,3.69119879999198,random,previous,264,14,6066.030864924814
12,candidate,548.7254949125802,29,12,,development,10,23323.529694754794,17,4,22,2.7213147999718785,304,22,q4,False,0,0,2,33,30,,46,complete_coverage,2.171227100014221,random,defer22,289,12,6584.705938950962
12,original,538.4495638845707,34,12,32_triangles_exact_coordinate_checks,development,10,23281.973833074244,22,3,25,3.432215700042434,283,25,q4,False,0,0,2,36,30,ring_multi_optical,27,complete_coverage,3.40735280001536,random,previous,264,12,6461.394766614849
10,candidate,594.9255967017131,10,10,,development,4,21266.27983508566,0,0,22,2.768849499989301,276,22,q4,False,0,0,0,31,31,,33,complete_coverage,2.209099400031846,random,defer22,266,10,5949.25596701713
10,original,631.434245823557,50,10,32_triangles_exact_coordinate_checks,development,4,21226.71229117785,40,5,25,2.8792844000272453,319,25,q4,False,0,0,2,34,31,ring_multi_optical,27,complete_coverage,2.8568444999982603,random,previous,304,10,6314.34245823557
16,candidate,378.14361247640306,24,16,,development,12,22251.488998112247,8,3,20,3.2805106999585405,251,22,q4,False,2,0,0,35,32,,35,complete_upper_bound,2.6886272999690846,random,defer22,241,16,6050.297799622449
16,original,412.1651877703734,78,16,32_triangles_exact_coordinate_checks,development,12,23848.215021629858,62,8,22,3.7279515999834985,263,25,q4,False,3,0,3,37,32,ring_multi_optical,41,complete_upper_bound,3.7048501999815926,random,previous,244,16,6594.643004325974
14,candidate,424.7165813688375,18,14,,development,7,22430.16069581863,4,2,22,3.266262499964796,232,22,q4,False,0,0,0,35,33,,53,complete_coverage,2.735491200000979,random,defer22,218,14,5946.032139163725
14,original,443.90591300486307,18,14,32_triangles_exact_coordinate_checks,development,7,21913.4139103404,4,1,25,3.245800100034103,294,25,q4,False,0,0,0,38,33,ring_multi_optical,47,complete_coverage,3.223979700007476,random,previous,280,14,6214.682782068083
10,candidate,616.559126965465,14,10,,development,6,21117.95634827325,4,2,22,2.139698099985253,316,22,q4,False,0,0,0,31,34,,28,complete_coverage,1.647767600021325,random,defer22,300,10,6165.59126965465
10,original,637.4356617788303,23,10,32_triangles_exact_coordinate_checks,development,6,21201.783088941516,13,2,25,2.213602100033313,344,25,q4,False,0,0,1,34,34,ring_multi_optical,26,complete_coverage,2.1919966000132263,random,previous,325,10,6374.356617788303
15,candidate,451.0203547287757,18,15,,development,9,25646.526604658175,3,1,22,4.3674052999704145,260,22,q4,False,0,0,2,36,35,,53,complete_coverage,3.8340335999964736,random,defer22,252,15,6765.305320931636
15,original,415.503956863726,26,15,32_triangles_exact_coordinate_checks,development,9,22317.796764779447,11,6,25,4.621317699959036,279,25,q4,False,0,0,0,39,35,ring_multi_optical,43,complete_coverage,4.593049900024198,random,previous,266,15,6232.55935295589
15,candidate,435.042884395315,20,15,,development,10,24938.21632964864,5,2,22,4.200692099984735,243,22,q4,False,0,0,0,36,36,,39,complete_coverage,3.6303249999764375,random,defer22,233,15,6525.643265929725
15,original,404.0875771502271,37,15,32_triangles_exact_coordinate_checks,development,10,22016.568286267033,22,5,25,4.881348099966999,256,25,q4,False,0,0,2,39,36,ring_multi_optical,30,complete_coverage,4.851201699988451,random,previous,237,15,6061.313657253407
12,candidate,500.1895484128218,16,12,,development,6,21271.372904769323,4,2,22,4.03571440000087,282,22,q4,False,0,0,0,33,37,,27,complete_coverage,3.210215400031302,random,defer22,266,12,6002.274580953862
12,original,522.707083868111,27,12,32_triangles_exact_coordinate_checks,development,6,21222.425032086667,15,4,25,4.58752950001508,323,25,q4,False,0,0,2,36,37,ring_multi_optical,27,complete_coverage,4.555511699989438,random,previous,308,12,6272.4850064173315
11,candidate,510.9950665542907,11,11,,development,5,20059.728660485987,0,0,22,4.3318610999849625,261,22,q4,False,0,0,0,32,38,,28,complete_coverage,3.3549811000120826,random,defer22,249,11,5620.945732097198
11,original,552.3559940795557,11,11,32_triangles_exact_coordinate_checks,development,5,20854.57967437556,0,0,25,4.515481500013266,310,25,q4,False,0,0,0,35,38,ring_multi_optical,32,complete_coverage,4.4795302000129595,random,previous,300,11,6075.915934875112
14,candidate,402.1637119556764,14,14,,development,6,21036.459836897342,0,0,22,4.69569030002458,227,22,q4,False,0,0,0,35,39,,43,complete_coverage,3.812252299976535,random,defer22,218,14,5630.2919673794695
14,original,445.86449254929477,50,14,32_triangles_exact_coordinate_checks,development,6,22925.514478450623,36,4,25,5.3601765999919735,249,25,q4,False,0,0,0,38,39,ring_multi_optical,39,complete_coverage,5.320157000038307,random,previous,234,14,6242.102895690126
16,candidate,328.6422938153943,16,16,,development,9,19936.38350523154,0,0,20,5.261760499968659,200,22,q4,False,2,0,0,35,40,,62,complete_upper_bound,4.353503499994986,random,defer22,191,16,5258.2767010463085
16,original,375.8267973764614,43,16,32_triangles_exact_coordinate_checks,development,9,21996.143790116912,27,5,23,5.226699599996209,245,25,q4,False,2,0,0,38,40,ring_multi_optical,50,complete_upper_bound,5.194708800001536,random,previous,228,16,6013.228758023382
11,candidate,572.668636388976,16,11,,holdout,6,20796.775001393675,5,2,22,2.9854908999986947,347,22,q4,False,0,0,0,32,40001,,30,complete_coverage,2.1842472999705933,random,defer22,335,11,6299.355000278736
11,original,582.7297899192745,37,11,32_triangles_exact_coordinate_checks,holdout,6,22245.13844556008,26,6,25,3.3395815000403672,308,25,q4,False,0,0,0,35,40001,ring_multi_optical,33,complete_coverage,3.2697958999779075,random,previous,288,11,6410.027689112019
15,candidate,376.6378783581251,15,15,,holdout,4,21577.840876859376,0,0,22,4.684371700044721,212,22,q4,False,0,0,0,36,40002,,45,complete_coverage,3.9234131000121124,random,defer22,199,15,5649.568175371876
15,original,372.11803906048243,27,15,32_triangles_exact_coordinate_checks,holdout,4,20658.85292953618,12,3,25,5.392493800027296,225,25,q4,False,0,0,0,39,40002,ring_multi_optical,44,complete_coverage,5.359408799966332,random,previous,214,15,5581.770585907237
12,candidate,503.2935418058785,16,12,,holdout,6,22757.61250835271,4,2,22,3.9120818999945186,239,22,q4,False,0,0,0,33,40003,,39,complete_coverage,3.1963881000410765,random,defer22,221,12,6039.522501670542
12,original,497.1856616822245,40,12,32_triangles_exact_coordinate_checks,holdout,6,20696.139700933472,28,2,25,4.276954400003888,283,25,q4,False,0,0,1,36,40003,ring_multi_optical,38,complete_coverage,4.249895600019954,random,previous,268,12,5966.2279401866945
16,candidate,328.967536469322,16,16,,holdout,4,20252.402917545758,0,0,20,4.5188275999971665,190,22,q4,False,2,0,0,35,40004,,36,complete_upper_bound,3.891934199957177,random,defer22,183,16,5263.480583509152
16,original,343.78758036861797,30,16,32_triangles_exact_coordinate_checks,holdout,4,20748.006429489433,14,4,23,4.828377099998761,207,25,q4,False,2,0,0,38,40004,ring_multi_optical,36,complete_upper_bound,4.7858719999785535,random,previous,194,16,5500.6012858978875
11,candidate,530.8605327408677,19,11,,holdout,4,20757.329300747726,8,2,22,2.8647182999993674,270,22,q4,False,0,0,0,32,40005,,28,complete_coverage,2.2042008999851532,random,defer22,259,11,5839.465860149545
11,original,564.6500605019434,29,11,32_triangles_exact_coordinate_checks,holdout,4,21310.75332760688,18,2,25,3.030020500009414,310,25,q4,False,0,0,0,35,40005,ring_multi_optical,18,complete_coverage,3.0033756000339054,random,previous,290,11,6211.150665521377
11,candidate,540.3997028810244,13,11,,holdout,4,21611.983658456345,2,2,22,2.9107841000077315,263,22,q4,False,0,0,0,32,40006,,37,complete_coverage,2.404824799974449,random,defer22,246,11,5944.3967316912685
11,original,512.8801796739745,13,11,32_triangles_exact_coordinate_checks,holdout,4,19318.40988206859,2,1,25,3.1948097000131384,289,25,q4,False,0,0,0,35,40006,ring_multi_optical,38,complete_coverage,3.165964600048028,random,previous,272,11,5641.681976413719
12,candidate,464.29621890430417,12,12,,holdout,4,19367.77313425826,0,0,22,2.8389228000305593,275,22,q4,False,0,0,0,33,40007,,26,complete_coverage,2.332140700018499,random,defer22,263,12,5571.55462685165
12,original,536.6028660200474,54,12,32_triangles_exact_coordinate_checks,holdout,4,21831.171961202846,42,3,25,2.847195099981036,317,25,q4,False,0,0,0,36,40007,ring_multi_optical,28,complete_coverage,2.819172499992419,random,previous,302,12,6439.234392240569
14,candidate,395.8093217560565,26,14,,holdout,7,20636.65252292395,12,3,22,3.848008100001607,220,22,q4,False,0,0,0,35,40008,,34,complete_coverage,3.219244600040838,random,defer22,208,14,5541.330504584791
14,original,432.8516219419108,31,14,32_triangles_exact_coordinate_checks,holdout,7,21154.613535933764,17,3,25,3.634371100051794,287,25,q4,False,0,0,0,38,40008,ring_multi_optical,30,complete_coverage,3.613505100016482,random,previous,273,14,6059.922707186752
12,candidate,502.88040047371845,12,12,,holdout,1,21447.824028423103,0,0,22,2.9459731000242755,282,22,q4,False,0,0,0,33,40009,,35,complete_coverage,2.3191908999579027,random,defer22,275,12,6034.564805684621
12,original,516.8398735342522,18,12,32_triangles_exact_coordinate_checks,holdout,1,21620.392412055124,6,2,25,3.0580541999661364,302,25,q4,False,0,0,0,36,40009,ring_multi_optical,29,complete_coverage,3.026449600001797,random,previous,290,12,6202.078482411026
15,candidate,404.1589650781368,27,15,,holdout,9,22361.922380860276,12,3,22,4.079121200018562,248,22,q4,False,0,0,0,36,40010,,39,complete_coverage,3.33551790000638,random,defer22,239,15,6062.384476172052
15,original,414.471872984521,27,15,32_triangles_exact_coordinate_checks,holdout,9,23060.39047383907,12,5,25,4.613995599967893,251,25,q4,False,0,0,2,39,40010,ring_multi_optical,36,complete_coverage,4.580886700015981,random,previous,239,15,6217.078094767815
12,candidate,577.1170313197341,30,12,,holdout,8,25052.021879184034,18,2,22,3.032801699999254,302,22,q4,False,0,0,1,33,40011,,38,complete_coverage,2.412953299994115,random,defer22,291,12,6925.40437583681
12,original,540.5537665351077,29,12,32_triangles_exact_coordinate_checks,holdout,8,22243.22599210646,17,2,25,3.4772450999589637,323,25,q4,False,0,0,0,36,40011,ring_multi_optical,33,complete_coverage,3.434820700029377,random,previous,312,12,6486.645198421293
16,candidate,373.6555787062478,19,16,,holdout,7,23542.446296499827,3,2,22,5.179020499985199,198,22,q4,False,0,0,0,37,40012,,33,complete_upper_bound,4.366506999998819,random,defer22,191,16,5978.489259299965
16,original,365.64768127369524,39,16,32_triangles_exact_coordinate_checks,holdout,7,21856.814501895613,23,4,24,5.678028099995572,224,25,q4,False,1,0,0,39,40012,ring_multi_optical,48,complete_upper_bound,5.644918599980883,random,previous,210,16,5850.362900379124
10,candidate,607.1447825982821,18,10,,holdout,4,21412.23912991411,8,2,22,3.525240999995731,289,22,q4,False,0,0,0,31,40013,,18,complete_coverage,2.865135200030636,random,defer22,270,10,6071.44782598282
10,original,690.6038930429851,44,10,32_triangles_exact_coordinate_checks,holdout,4,23020.194652149265,34,3,25,3.3313291000085883,360,25,q4,False,0,0,0,34,40013,ring_multi_optical,22,complete_coverage,3.2771830999990925,random,previous,350,10,6906.038930429851
13,candidate,433.0526119466422,14,13,,holdout,5,20743.419776531744,1,1,22,4.060346599959303,238,22,q4,False,0,0,0,34,40014,,30,complete_coverage,3.3592918000067584,random,defer22,223,13,5629.683955306348
13,original,474.54067240227755,44,13,32_triangles_exact_coordinate_checks,holdout,5,21985.143706148032,31,4,25,4.495790399960242,272,25,q4,False,0,0,1,37,40014,ring_multi_optical,39,complete_coverage,4.453775800007861,random,previous,254,13,6169.028741229608
15,candidate,458.4328391905536,19,15,,holdout,8,26927.46293929151,4,2,22,4.202753499965183,236,22,q4,False,0,0,1,36,40015,,33,complete_coverage,3.4806605000048876,random,defer22,224,15,6876.4925878583035
15,original,387.04202686418705,17,15,32_triangles_exact_coordinate_checks,holdout,8,21098.15201481403,2,1,25,4.5289523000246845,253,25,q4,False,0,0,1,39,40015,ring_multi_optical,33,complete_coverage,4.481328999972902,random,previous,240,15,5805.630402962805
16,candidate,350.760658221,16,16,,holdout,7,22055.852657680007,0,0,22,4.9101104000001214,189,22,q4,False,0,0,0,37,40016,,46,complete_upper_bound,4.259439000044949,random,defer22,176,16,5612.170531536
16,original,356.55475063709616,41,16,32_triangles_exact_coordinate_checks,holdout,7,21219.38005096769,25,3,25,5.246727899997495,220,25,q4,False,0,0,0,40,40016,ring_multi_optical,48,complete_upper_bound,5.214313099975698,random,previous,206,16,5704.876010193539
10,candidate,610.4666372084338,17,10,,holdout,7,20648.331860421687,7,3,22,2.8716555000282824,319,22,q4,False,0,0,0,31,40017,,18,complete_coverage,2.2485792000079527,random,defer22,309,10,6104.666372084338
10,original,646.6425948334089,19,10,32_triangles_exact_coordinate_checks,holdout,7,21432.129741670447,9,4,25,2.7423453999799676,353,25,q4,False,0,0,0,34,40017,ring_multi_optical,22,complete_coverage,2.7065272000036202,random,previous,338,10,6466.425948334089
14,candidate,411.3571702482806,18,14,,holdout,8,20520.00191737964,4,1,22,3.796851899998728,264,22,q4,False,0,0,0,35,40018,,33,complete_coverage,2.9624168999725953,random,defer22,253,14,5759.000383475929
14,original,438.28285617518713,70,14,32_triangles_exact_coordinate_checks,holdout,8,21599.799932263115,56,5,25,4.354732900043018,265,25,q4,False,0,0,0,38,40018,ring_multi_optical,33,complete_coverage,4.326740799995605,random,previous,253,14,6135.95998645262
15,candidate,404.6271919190714,22,15,,holdout,9,23337.03939393035,7,3,22,4.262318599969149,220,22,q4,False,0,0,0,36,40019,,37,complete_coverage,3.6026844999869354,random,defer22,206,15,6069.407878786071
15,original,402.11501066307886,24,15,32_triangles_exact_coordinate_checks,holdout,9,22538.625799730922,9,4,25,4.8073436000267975,240,25,q4,False,0,0,2,39,40019,ring_multi_optical,44,complete_coverage,4.777601099980529,random,previous,222,15,6031.725159946183
15,candidate,383.0813315729665,31,15,,holdout,10,20691.09986797252,16,4,22,3.112805299984757,249,22,q4,False,0,0,0,36,40020,,42,complete_coverage,2.5629237000248395,random,defer22,240,15,5746.219973594498
15,original,419.4331340727242,54,15,32_triangles_exact_coordinate_checks,holdout,10,22427.48505545431,39,6,25,3.3185458999942057,272,25,q4,False,0,0,0,39,40020,ring_multi_optical,34,complete_coverage,3.2844573999755085,random,previous,254,15,6291.497011090863
11,candidate,563.5316984911761,12,11,,holdout,7,21909.243417014688,1,2,22,2.426707800012082,295,22,q4,False,0,0,0,32,40021,,27,complete_coverage,1.947982600016985,random,defer22,284,11,6198.848683402938
11,original,577.7944242944702,27,11,32_triangles_exact_coordinate_checks,holdout,7,22003.69333619585,16,4,25,2.386157999979332,312,25,q4,False,0,0,0,35,40021,ring_multi_optical,16,complete_coverage,2.3555049000424333,random,previous,292,11,6355.738667239172
14,candidate,422.601051920266,17,14,,holdout,7,20882.07363441862,3,1,22,3.026885700004641,278,22,q4,False,0,0,0,35,40022,,37,complete_coverage,2.4442624000366777,random,defer22,271,14,5916.414726883724
14,original,459.01240295623535,35,14,32_triangles_exact_coordinate_checks,holdout,7,22210.86820693647,21,5,25,2.8128120999899693,311,25,q4,False,0,0,1,38,40022,ring_multi_optical,23,complete_coverage,2.7911391999805346,random,previous,296,14,6426.173641387295
13,candidate,437.4922062745564,14,13,,holdout,6,21106.993407846174,1,2,22,3.691751000005752,235,22,q4,False,0,0,0,34,40023,,51,complete_coverage,3.151303199992981,random,defer22,223,13,5687.398681569233
13,original,491.2993990314383,29,13,32_triangles_exact_coordinate_checks,holdout,6,22904.4609370435,16,4,25,3.5441182000213303,285,25,q4,False,0,0,0,37,40023,ring_multi_optical,47,complete_coverage,3.5131457000388764,random,previous,268,13,6386.892187408698
13,candidate,469.0401032575856,14,13,,holdout,9,21387.606711743058,1,1,22,3.0838846000260673,294,22,q4,False,0,0,0,34,40024,,40,complete_coverage,2.564890799985733,random,defer22,282,13,6097.521342348613
13,original,483.1644845938482,22,13,32_triangles_exact_coordinate_checks,holdout,9,21440.69149860014,9,4,25,3.0956174999591894,320,25,q4,False,0,0,0,37,40024,ring_multi_optical,28,complete_coverage,3.0686874000239186,random,previous,301,13,6281.138299720027
15,candidate,377.1173780190119,17,15,,holdout,6,21388.8033514259,2,1,22,3.7951877000159584,219,22,q4,False,0,0,0,36,40025,,41,complete_coverage,3.18781749997288,random,defer22,203,15,5656.760670285178
15,original,399.44413952004874,27,15,32_triangles_exact_coordinate_checks,holdout,6,21773.310464003654,12,3,25,3.623724900011439,257,25,q4,False,0,0,0,39,40025,ring_multi_optical,31,complete_coverage,3.5805721000069752,random,previous,241,15,5991.662092800731
13,candidate,445.33551397896827,14,13,,holdout,8,21111.80840863294,1,1,22,3.357667699980084,253,22,q4,False,0,0,0,34,40026,,45,complete_coverage,2.7787471000337973,random,defer22,234,13,5789.361681726587
13,original,497.0070202142976,53,13,32_triangles_exact_coordinate_checks,holdout,8,23200.456313929346,40,3,25,3.492327500018291,275,25,q4,False,0,0,0,37,40026,ring_multi_optical,41,complete_coverage,3.465572999964934,random,previous,261,13,6461.091262785869
11,candidate,563.2252465207869,16,11,,holdout,7,21487.38855864329,5,1,22,2.5684083999949507,307,22,q4,False,0,0,0,32,40027,,30,complete_coverage,1.9326734999776818,random,defer22,293,11,6195.477711728656
11,original,546.806463267989,26,11,32_triangles_exact_coordinate_checks,holdout,7,20484.355479739377,15,4,25,2.7298592000151984,306,25,q4,False,0,0,0,35,40027,ring_multi_optical,25,complete_coverage,2.703640000021551,random,previous,288,11,6014.8710959478785
14,candidate,423.6522226154607,17,14,,holdout,6,22400.655583082254,3,1,22,3.7683928000042215,231,22,q4,False,0,0,0,35,40028,,37,complete_coverage,3.214123199984897,random,defer22,217,14,5931.13111661645
14,original,426.59342685477384,40,14,32_triangles_exact_coordinate_checks,holdout,6,21781.53987983418,26,3,25,4.164611599990167,248,25,q4,False,0,0,0,38,40028,ring_multi_optical,43,complete_coverage,4.141531799978111,random,previous,228,14,5972.3079759668335
13,candidate,473.3338690160872,25,13,,holdout,4,23021.70148604568,12,4,22,3.9633789000217803,244,22,q4,False,0,0,0,34,40029,,26,complete_coverage,3.3481908999965526,random,defer22,228,13,6153.3402972091335
13,original,456.7679491163,32,13,32_triangles_exact_coordinate_checks,holdout,4,21074.916692559505,19,5,25,3.9404425999964587,269,25,q4,False,0,0,0,37,40029,ring_multi_optical,32,complete_coverage,3.9111662000068463,random,previous,256,13,5937.9833385119
15,candidate,405.3073406515463,24,15,,holdout,5,22818.050548865976,9,2,22,5.013112499960698,238,22,q4,False,0,0,2,36,40030,,47,complete_coverage,4.2313142999773845,random,defer22,224,15,6079.610109773195
15,original,414.1967572656039,60,15,32_triangles_exact_coordinate_checks,holdout,5,23309.7567949203,45,3,25,5.335983099997975,226,25,q4,False,0,0,0,39,40030,ring_multi_optical,38,complete_coverage,5.304596000001766,random,previous,211,15,6212.951358984058
15,candidate,375.7134134376284,28,15,,holdout,9,20523.50600782213,13,3,22,4.142935900017619,239,22,q4,False,0,0,0,36,40031,,37,complete_coverage,3.440191200003028,random,defer22,222,15,5635.701201564426
15,original,403.55322735157625,30,15,32_triangles_exact_coordinate_checks,holdout,9,22556.49205136822,15,4,25,4.934543900017161,240,25,q4,False,0,0,0,39,40031,ring_multi_optical,38,complete_coverage,4.895218300051056,random,previous,222,15,6053.298410273644
11,candidate,543.4780030574489,11,11,,holdout,4,21581.29016815969,0,0,22,3.393357700027991,271,22,q4,False,0,0,0,32,40032,,26,complete_coverage,2.752993200032506,random,defer22,252,11,5978.258033631937
11,original,535.8944075266196,19,11,32_triangles_exact_coordinate_checks,holdout,4,20619.192413964076,8,1,25,3.9017730000196025,284,25,q4,False,0,0,0,35,40032,ring_multi_optical,27,complete_coverage,3.8616063999943435,random,previous,272,11,5894.838482792816
12,candidate,492.95290454610773,12,12,,holdout,7,20927.17427276646,0,0,22,3.4437330000218935,280,22,q4,False,0,0,0,33,40033,,33,complete_coverage,2.712668100022711,random,defer22,270,12,5915.434854553293
12,original,537.7315951049962,33,12,32_triangles_exact_coordinate_checks,holdout,7,21473.895706299754,21,2,25,3.0889305000309832,342,25,q4,False,0,0,0,36,40033,ring_multi_optical,23,complete_coverage,3.053325000044424,random,previous,325,12,6452.7791412599545
12,candidate,526.9452133292174,14,12,,holdout,5,22486.712799753048,2,1,22,3.7224391999770887,295,22,q4,False,0,0,0,33,40034,,26,complete_coverage,3.0589204000425525,random,defer22,285,12,6323.342559950608
12,original,579.5826075775764,43,12,32_triangles_exact_coordinate_checks,holdout,5,24329.95645465454,31,4,25,3.759267700021155,325,25,q4,False,0,0,0,36,40034,ring_multi_optical,22,complete_coverage,3.7217325999517925,random,previous,311,12,6954.991290930917
11,candidate,525.7714700920172,12,11,,holdout,4,20387.430855060957,1,1,22,4.100818099977914,277,22,q4,False,0,0,0,32,40035,,28,complete_coverage,3.4041016999981366,random,defer22,263,11,5783.4861710121895
11,original,554.5132726760586,30,11,32_triangles_exact_coordinate_checks,holdout,4,21348.22999718322,19,4,25,4.8132847000379115,290,25,q4,False,0,0,2,35,40035,ring_multi_optical,23,complete_coverage,4.782917600008659,random,previous,268,11,6099.645999436645
13,candidate,454.6760147031949,16,13,,holdout,5,21343.94095570766,3,1,22,4.594443600042723,263,22,q4,False,0,0,0,34,40036,,41,complete_coverage,3.6825687999953516,random,defer22,253,13,5910.788191141533
13,original,526.639392975866,91,13,32_triangles_exact_coordinate_checks,holdout,5,24711.560543431293,78,4,25,5.278255500015803,270,25,q4,False,0,0,1,37,40036,ring_multi_optical,32,complete_coverage,5.244153100007679,random,previous,255,13,6846.312108686258
10,candidate,612.492370958199,14,10,,holdout,4,21649.61854790994,4,1,22,3.6557198999798857,291,22,q4,False,0,0,0,31,40037,,33,complete_coverage,2.8979947000043467,random,defer22,278,10,6124.92370958199
10,original,611.4676142238237,10,10,32_triangles_exact_coordinate_checks,holdout,4,20703.380711191177,0,0,25,3.8634563999949023,323,25,q4,False,0,0,0,34,40037,ring_multi_optical,23,complete_coverage,3.8120448000263423,random,previous,309,10,6114.676142238237
16,candidate,353.1396336505005,16,16,,holdout,5,21041.17069204004,0,1,22,5.3084360000211746,229,22,q4,False,0,0,0,37,40038,,59,complete_upper_bound,4.39247769996291,random,defer22,217,16,5650.234138408008
16,original,367.09646448454396,26,16,32_triangles_exact_coordinate_checks,holdout,5,22732.71715876352,10,2,24,7.188205800019205,206,25,q4,False,1,0,0,39,40038,ring_multi_optical,63,complete_upper_bound,7.153036899981089,random,previous,187,16,5873.543431752703
10,candidate,558.5289271962533,10,10,,holdout,2,19841.446359812664,0,0,22,4.571998100029305,264,22,q4,False,0,0,0,31,40039,,24,complete_coverage,3.4817129999864846,random,defer22,247,10,5585.289271962533
10,original,612.0270335714888,10,10,32_triangles_exact_coordinate_checks,holdout,2,20551.35167857443,0,0,25,4.345990800007712,329,25,q4,False,0,0,0,34,40039,ring_multi_optical,23,complete_coverage,4.309673900017515,random,previous,315,10,6120.270335714888
13,candidate,446.7799685898877,14,13,,holdout,7,20755.697958342702,1,1,22,3.4290297999978065,267,22,q4,False,0,0,0,34,40040,,42,complete_coverage,2.8288339999853633,random,defer22,254,13,5808.13959166854
13,original,466.77372722811043,14,13,32_triangles_exact_coordinate_checks,holdout,7,21200.292269827176,1,1,25,3.7387223999830894,295,25,q4,False,0,0,0,37,40040,ring_multi_optical,33,complete_coverage,3.7158104000263847,random,previous,285,13,6068.058453965436
15,candidate,400.13657053850767,18,15,,holdout,6,22245.24279038808,3,2,22,3.189465100003872,246,22,q4,False,0,0,0,36,40041,,36,complete_coverage,2.612825700023677,random,defer22,239,15,6002.048558077615
15,original,415.9007985510978,33,15,32_triangles_exact_coordinate_checks,holdout,6,22312.55989133235,18,4,25,3.826624100038316,277,25,q4,False,0,0,0,39,40041,ring_multi_optical,30,complete_coverage,3.8034042000072077,random,previous,262,15,6238.511978266467
16,candidate,321.3751655036483,27,16,,holdout,5,20090.01324029186,11,2,20,4.031190700014122,170,22,q4,False,2,0,0,35,40042,,49,complete_upper_bound,3.5359789000358433,random,defer22,161,16,5142.002648058373
16,original,375.4423126142328,75,16,32_triangles_exact_coordinate_checks,holdout,5,22130.385009138616,59,3,25,4.4918485000380315,223,25,q4,False,0,0,0,40,40042,ring_multi_optical,61,complete_upper_bound,4.471455999999307,random,previous,209,16,6007.077001827724
13,candidate,428.51177383919253,19,13,,holdout,7,20538.265299547515,6,1,22,3.093004700029269,232,22,q4,False,0,0,0,34,40043,,33,complete_coverage,2.5638266000314616,random,defer22,220,13,5570.653059909503
13,original,472.907960975433,26,13,32_triangles_exact_coordinate_checks,holdout,7,21049.01746340315,13,5,25,2.865945699973963,308,25,q4,False,0,0,0,37,40043,ring_multi_optical,29,complete_coverage,2.840125299990177,random,previous,294,13,6147.8034926806295
14,candidate,418.00034793832856,14,14,,holdout,9,21560.024355683003,0,0,22,3.792528299964033,247,22,q4,False,0,0,0,35,40044,,34,complete_coverage,3.2281222000019625,random,defer22,235,14,5852.0048711366
14,original,450.3733939587641,21,14,32_triangles_exact_coordinate_checks,holdout,9,22851.137577113488,7,2,25,3.9108780000242405,276,25,q4,False,0,0,1,38,40044,ring_multi_optical,41,complete_coverage,3.8856581999571063,random,previous,264,14,6305.227515422697
11,candidate,559.1378199636601,23,11,,holdout,6,22127.580098001315,12,3,22,3.2138074000249617,275,22,q4,False,0,0,0,32,40045,,23,complete_coverage,2.648682600003667,random,defer22,259,11,6150.516019600262
11,original,562.3480902162154,45,11,32_triangles_exact_coordinate_checks,holdout,6,21439.14496189185,34,3,25,3.2079418000066653,293,25,q4,False,0,0,0,35,40045,ring_multi_optical,24,complete_coverage,3.1793491000426,random,previous,276,11,6185.82899237837
12,candidate,524.4785774348294,23,12,,holdout,6,22578.714646089767,11,4,22,3.4551705999765545,283,22,q4,False,0,0,0,33,40046,,32,complete_coverage,2.6619698999566026,random,defer22,270,12,6293.742929217953
12,original,527.7370845409944,49,12,32_triangles_exact_coordinate_checks,holdout,6,22329.22507245966,37,4,25,4.200100400019437,285,25,q4,False,0,0,0,36,40046,ring_multi_optical,28,complete_coverage,4.165051399962977,random,previous,271,12,6332.8450144919325
11,candidate,545.7300573500227,15,11,,holdout,6,21170.15315425125,4,1,22,3.634062700031791,287,22,q4,False,0,0,0,32,40047,,38,complete_coverage,2.763065400009509,random,defer22,267,11,6003.0306308502495
11,original,554.5028790201814,11,11,32_triangles_exact_coordinate_checks,holdout,6,20417.658346109984,0,1,25,3.951689900015481,330,25,q4,False,0,0,0,35,40047,ring_multi_optical,46,complete_coverage,3.912928700039629,random,previous,311,11,6099.531669221995
16,candidate,319.35442622512556,16,16,,holdout,6,20033.354098010048,0,0,21,5.084237699978985,173,22,q4,False,1,0,0,36,40048,,60,complete_upper_bound,4.391990100033581,random,defer22,158,16,5109.670819602009
16,original,341.0423231225159,20,16,32_triangles_exact_coordinate_checks,holdout,6,20608.385849801267,4,2,24,5.7453133999952115,210,25,q4,False,1,0,0,39,40048,ring_multi_optical,56,complete_upper_bound,5.714694900030736,random,previous,193,16,5456.677169960254
16,candidate,340.4130963987985,32,16,,holdout,6,20068.047711903855,16,1,18,4.410528399981558,219,22,q4,False,4,0,0,33,40049,,30,complete_upper_bound,3.7166810000198893,random,defer22,210,16,5446.609542380776
16,original,383.0423246696223,48,16,32_triangles_exact_coordinate_checks,holdout,6,22608.385973569766,32,4,25,4.8704345999867655,240,25,q4,False,0,0,0,40,40049,ring_multi_optical,37,complete_upper_bound,4.837302000029013,random,previous,231,16,6128.677194713957
16,candidate,364.8875252046644,18,16,,holdout,9,22521.00201637315,2,1,22,4.825509799993597,210,22,q4,False,0,0,0,37,40050,,47,complete_upper_bound,4.136194700025953,random,defer22,198,16,5838.200403274631
16,original,393.14854193256855,77,16,32_triangles_exact_coordinate_checks,holdout,9,23091.883354605503,61,6,23,5.4314784000162035,238,25,q4,False,2,0,2,38,40050,ring_multi_optical,45,complete_upper_bound,5.390472700004466,random,previous,219,16,6290.376670921097
13,candidate,445.7575392087596,16,13,,holdout,9,20769.24004856937,3,1,22,3.952958000008948,264,22,q4,False,0,0,0,34,40051,,31,complete_coverage,3.322251299978234,random,defer22,247,13,5794.848009713875
13,original,482.8262489066535,31,13,32_triangles_exact_coordinate_checks,holdout,9,22108.70617893247,18,5,25,4.156677799997851,292,25,q4,False,0,0,0,37,40051,ring_multi_optical,31,complete_coverage,4.12180319998879,random,previous,276,13,6276.741235786496
13,candidate,457.0957651278732,16,13,,holdout,6,20956.224733311767,3,2,22,3.5362458000308834,281,22,q4,False,0,0,0,34,40052,,38,complete_coverage,2.8022362000192516,random,defer22,272,13,5942.244946662352
13,original,484.5564649441616,27,13,32_triangles_exact_coordinate_checks,holdout,6,23196.170221370507,14,4,25,4.209172100003343,261,25,q4,False,0,0,0,37,40052,ring_multi_optical,27,complete_coverage,4.166272200003732,random,previous,248,13,6299.234044274101
10,candidate,606.1244273225655,13,10,,holdout,3,21451.221366128273,3,3,22,3.232074100000318,287,22,q4,False,0,0,0,31,40053,,27,complete_coverage,2.549588199995924,random,defer22,277,10,6061.244273225654
10,original,650.694526049113,49,10,32_triangles_exact_coordinate_checks,holdout,3,21179.726302455645,39,4,25,3.023098600038793,354,25,q4,False,0,0,0,34,40053,ring_multi_optical,18,complete_coverage,2.9880686000105925,random,previous,334,10,6506.94526049113
13,candidate,443.5987441224753,13,13,,holdout,4,22018.9183679609,0,0,22,3.8640555000165477,218,22,q4,False,0,0,0,34,40054,,24,complete_coverage,3.142326699977275,random,defer22,208,13,5766.783673592179
13,original,466.70723015625674,16,13,32_triangles_exact_coordinate_checks,holdout,4,21550.969960156686,3,1,25,4.025017200037837,282,25,q4,False,0,0,0,37,40054,ring_multi_optical,35,complete_coverage,3.9930914999567904,random,previous,273,13,6067.193992031338
14,candidate,389.18211169418197,14,14,,holdout,8,20017.74781859275,0,0,22,3.918091400002595,231,22,q4,False,0,0,0,35,40055,,32,complete_coverage,3.203670500020962,random,defer22,220,14,5448.549563718548
14,original,480.70234786017636,45,14,32_triangles_exact_coordinate_checks,holdout,8,23359.164350212337,31,6,25,3.5962067000218667,318,25,q4,False,0,0,0,38,40055,ring_multi_optical,24,complete_coverage,3.556427999981679,random,previous,305,14,6729.832870042469
11,candidate,537.4510949506457,24,11,,holdout,3,20669.81022228552,13,4,22,3.028967099962756,282,22,q4,False,0,0,0,32,40056,,36,complete_coverage,2.4656010000035167,random,defer22,274,11,5911.962044457103
11,original,575.3713367728586,46,11,32_triangles_exact_coordinate_checks,holdout,3,21815.42352250722,35,2,25,3.405087999999523,303,25,q4,False,0,0,0,35,40056,ring_multi_optical,28,complete_coverage,3.3767462999676354,random,previous,291,11,6329.084704501444
14,candidate,428.33479762105526,24,14,,holdout,6,21283.435833473854,10,2,22,3.767888799950015,275,22,q4,False,0,0,0,35,40057,,35,complete_coverage,3.193672199966386,random,defer22,265,14,5996.687166694774
14,original,439.3181233794047,22,14,32_triangles_exact_coordinate_checks,holdout,6,21232.268636558325,8,2,25,3.6555371999857016,304,25,q4,False,0,0,0,38,40057,ring_multi_optical,32,complete_coverage,3.6266364000039175,random,previous,290,14,6150.453727311666
13,candidate,447.93375019497677,25,13,,holdout,4,20780.693762673498,12,2,22,4.029860300011933,263,22,q4,False,0,0,0,34,40058,,35,complete_coverage,3.423745699983556,random,defer22,251,13,5823.138752534698
13,original,468.81269108515005,33,13,32_triangles_exact_coordinate_checks,holdout,4,20757.82492053475,20,5,25,3.814443100010976,305,25,q4,False,0,0,0,37,40058,ring_multi_optical,36,complete_coverage,3.782325399981346,random,previous,293,13,6094.564984106951
11,candidate,621.7801003557271,24,11,,holdout,6,24912.905519565003,13,2,22,3.7467150000156835,297,22,q4,False,0,0,2,32,40059,,29,complete_coverage,3.0696498999604955,random,defer22,278,11,6839.5811039129985
11,original,632.3679282891027,65,11,32_triangles_exact_coordinate_checks,holdout,6,24825.236055900674,54,5,25,4.321248600026593,299,25,q4,False,0,0,4,35,40059,ring_multi_optical,21,complete_coverage,4.295743800001219,random,previous,279,11,6956.04721118013
16,candidate,366.58757248161265,20,16,,holdout,8,21492.00579852901,4,2,21,4.810917299997527,248,22,q4,False,1,0,0,36,40060,,42,complete_upper_bound,4.097955299948808,random,defer22,235,16,5865.4011597058025
16,original,368.41627789733195,97,16,32_triangles_exact_coordinate_checks,holdout,8,21443.302231786565,81,6,20,5.389163999992888,216,25,q4,False,5,0,1,35,40060,ring_multi_optical,41,complete_upper_bound,5.33458129997598,random,previous,203,16,5894.660446357311
13,candidate,461.31933992666535,19,13,,holdout,3,23125.757095233268,6,1,22,5.487622999993619,218,22,q4,False,0,0,2,34,40061,,34,complete_coverage,4.692997400008608,random,defer22,199,13,5997.15141904665
13,original,471.3201630550497,48,13,32_triangles_exact_coordinate_checks,holdout,3,22390.810598578235,35,3,25,5.247505299979821,250,25,q4,False,0,0,0,37,40061,ring_multi_optical,30,complete_coverage,5.2115430000121705,random,previous,229,13,6127.162119715646
11,candidate,629.6678411586123,13,11,,holdout,7,25771.73126372368,2,1,22,3.9599312000209466,287,22,q4,False,0,0,0,32,40062,,28,complete_coverage,2.966701600002125,random,defer22,276,11,6926.3462527447355
11,original,631.5450861182773,52,11,32_triangles_exact_coordinate_checks,holdout,7,24224.979736505218,41,4,25,3.884921600052621,324,25,q4,False,0,0,0,35,40062,ring_multi_optical,22,complete_coverage,3.8330992000410333,random,previous,304,11,6946.9959473010495
13,candidate,468.166362407061,13,13,,holdout,8,22000.81355645898,0,0,22,3.972529700025916,272,22,q4,False,0,0,0,34,40063,,41,complete_coverage,3.192415199999232,random,defer22,261,13,6086.162711291793
13,original,516.6711369961838,40,13,32_triangles_exact_coordinate_checks,holdout,8,24298.623904751945,27,5,25,4.442520699987654,288,25,q4,False,0,0,2,37,40063,ring_multi_optical,28,complete_coverage,4.402690399962012,random,previous,271,13,6716.72478095039
10,candidate,569.922117180093,18,10,,holdout,4,20196.105859004656,8,3,22,3.688342899957206,266,22,q4,False,0,0,0,31,40064,,26,complete_coverage,2.9470494000124745,random,defer22,256,10,5699.221171800929
10,original,620.6444517089114,21,10,32_triangles_exact_coordinate_checks,holdout,4,21432.222585445565,11,3,25,4.230111300013959,310,25,q4,False,0,0,2,34,40064,ring_multi_optical,24,complete_coverage,4.186745700018946,random,previous,287,10,6206.444517089114
10,candidate,640.53824707634,17,10,,holdout,6,23126.912353817017,7,2,22,4.097952699987218,288,22,q4,False,0,0,2,31,40065,,24,complete_coverage,3.397651200008113,random,defer22,269,10,6405.382470763399
10,original,634.2376118333927,27,10,32_triangles_exact_coordinate_checks,holdout,6,21691.880591669636,17,3,25,3.8875104000326246,320,25,q4,False,0,0,0,34,40065,ring_multi_optical,28,complete_coverage,3.8499136999598704,random,previous,303,10,6342.3761183339275
14,candidate,407.0579219975001,16,14,,holdout,5,20984.054539825014,2,2,22,4.76278040005127,240,22,q4,False,0,0,0,35,40066,,33,complete_coverage,3.957383500004653,random,defer22,226,14,5698.810907965001
14,original,423.37420859171806,21,14,32_triangles_exact_coordinate_checks,holdout,5,21521.19460142027,7,2,25,5.279650999989826,258,25,q4,False,0,0,0,38,40066,ring_multi_optical,40,complete_coverage,5.249338600027841,random,previous,242,14,5927.238920284053
16,candidate,278.97378935648845,23,16,,holdout,5,16902.903148519075,7,2,16,5.123747000005096,166,22,q4,False,6,0,0,31,40067,,49,complete_upper_bound,4.23841099999845,random,defer22,152,16,4463.580629703815
16,original,367.96609676617334,54,16,32_triangles_exact_coordinate_checks,holdout,5,22072.28774129388,38,4,23,6.0631397000397556,215,25,q4,False,2,0,0,38,40067,ring_multi_optical,57,complete_upper_bound,6.011458900000434,random,previous,204,16,5887.457548258773
16,candidate,395.01821927680385,24,16,,holdout,11,24216.45754214431,8,2,22,4.391565800004173,230,22,q4,False,0,0,0,37,40068,,45,complete_upper_bound,3.7270813999930397,random,defer22,223,16,6320.291508428862
16,original,370.1625151267511,44,16,32_triangles_exact_coordinate_checks,holdout,11,21528.001210140083,28,3,24,4.707830899977125,244,25,q4,False,1,0,0,39,40068,ring_multi_optical,43,complete_upper_bound,4.674394200032111,random,previous,233,16,5922.600242028017
15,candidate,423.2030614457818,15,15,,holdout,9,23955.22960843364,0,0,22,3.6893852000357583,248,22,q4,False,0,0,0,36,40069,,34,complete_coverage,3.0027830999461003,random,defer22,242,15,6348.0459216867275
15,original,447.105197543041,40,15,32_triangles_exact_coordinate_checks,holdout,9,24052.88981572808,25,5,25,3.8077310000080615,293,25,q4,False,0,0,2,39,40069,ring_multi_optical,26,complete_coverage,3.7746869000256993,random,previous,281,15,6706.577963145615
15,candidate,417.87421650928655,23,15,,holdout,9,22895.566238196498,8,2,22,3.0331664999830537,267,22,q4,False,0,0,0,36,40070,,44,complete_coverage,2.4922646999475546,random,defer22,255,15,6268.113247639299
15,original,446.0261128161047,42,15,32_triangles_exact_coordinate_checks,holdout,9,24586.958461207854,27,5,25,3.632955899985973,273,25,q4,False,0,0,1,39,40070,ring_multi_optical,41,complete_coverage,3.600708100013435,random,previous,252,15,6690.391692241571
14,candidate,499.4719465869089,26,14,,holdout,9,25933.0362610836,12,4,22,3.402961599989794,285,22,q4,False,0,0,3,35,40071,,28,complete_coverage,2.8568345000385307,random,defer22,275,14,6992.607252216725
14,original,499.3040837907129,73,14,32_triangles_exact_coordinate_checks,holdout,9,24426.285865349928,59,7,25,2.7874621000373736,311,25,q4,False,0,0,1,38,40071,ring_multi_optical,23,complete_coverage,2.759399200032931,random,previous,303,14,6990.257173069981
15,candidate,405.6656208222432,22,15,,holdout,8,23694.92156166824,7,2,22,4.223207300005015,211,22,q4,False,0,0,0,36,40072,,37,complete_coverage,3.6817786000319757,random,defer22,195,15,6084.984312333649
15,original,388.81130094340705,31,15,32_triangles_exact_coordinate_checks,holdout,8,21535.847570755534,16,4,25,4.870459500001743,236,25,q4,False,0,0,2,39,40072,ring_multi_optical,41,complete_coverage,4.8432005000067875,random,previous,222,15,5832.169514151105
16,candidate,341.80233334054014,17,16,,holdout,8,20999.186667243208,1,1,20,4.352081599994563,200,22,q4,False,2,0,0,35,40073,,38,complete_upper_bound,3.5939919999800622,random,defer22,186,16,5468.837333448642
16,original,367.2903192497315,60,16,32_triangles_exact_coordinate_checks,holdout,8,21618.22553997856,44,5,23,5.1406997999874875,227,25,q4,False,2,0,2,38,40073,ring_multi_optical,37,complete_upper_bound,5.113199299958069,random,previous,206,16,5876.645107995704
16,candidate,421.7057373537806,17,16,,holdout,9,26421.458988302456,1,1,22,3.774119499954395,232,22,q4,False,0,0,0,37,40074,,49,complete_upper_bound,3.148984199971892,random,defer22,220,16,6747.2917976604895
16,original,360.0109546591835,35,16,32_triangles_exact_coordinate_checks,holdout,9,20630.876372734667,19,7,22,3.954838900011964,252,25,q4,False,3,0,0,37,40074,ring_multi_optical,44,complete_upper_bound,3.9289600999909453,random,previous,237,16,5760.175274546936
10,candidate,620.3945552965176,17,10,,holdout,5,22054.727764825882,7,3,22,2.686843100003898,289,22,q4,False,0,0,0,31,40075,,25,complete_coverage,2.0473519999650307,random,defer22,277,10,6203.945552965177
10,original,612.3985405735667,40,10,32_triangles_exact_coordinate_checks,holdout,5,20199.927028678325,30,2,25,2.7818836999940686,327,25,q4,False,0,0,2,34,40075,ring_multi_optical,20,complete_coverage,2.7571362999733537,random,previous,309,10,6123.985405735667
15,candidate,359.4727141641263,19,15,,holdout,5,21075.453562309474,4,2,22,4.715235500014387,184,22,q4,False,0,0,0,36,40076,,35,complete_coverage,4.1549510000040755,random,defer22,170,15,5392.090712461894
15,original,383.8050089042698,32,15,32_triangles_exact_coordinate_checks,holdout,5,21955.37566782024,17,2,25,5.616723900020588,209,25,q4,False,0,0,0,39,40076,ring_multi_optical,50,complete_coverage,5.590254899987485,random,previous,195,15,5757.075133564047
11,candidate,552.8485335614185,18,11,,holdout,7,21781.669345878017,7,3,22,3.2243937000166625,277,22,q4,False,0,0,0,32,40077,,28,complete_coverage,2.634835299977567,random,defer22,264,11,6081.3338691756035
11,original,614.5382234295828,76,11,32_triangles_exact_coordinate_checks,holdout,7,22609.602288627048,65,5,25,2.8896009999443777,334,25,q4,False,0,0,1,35,40077,ring_multi_optical,20,complete_coverage,2.85680389998015,random,previous,318,11,6759.92045772541
16,candidate,336.90343081438385,16,16,,holdout,5,21132.274465150713,0,0,20,5.487290200020652,183,22,q4,False,2,0,0,35,40078,,41,complete_upper_bound,4.574498699977994,random,defer22,169,16,5390.454893030142
16,original,337.7956642912099,27,16,32_triangles_exact_coordinate_checks,holdout,5,19878.653143296793,11,3,23,6.007944900018629,222,25,q4,False,2,0,0,38,40078,ring_multi_optical,52,complete_upper_bound,5.8945972000365146,random,previous,206,16,5404.730628659358
11,candidate,537.9927327139948,16,11,,holdout,4,21334.60029926971,5,2,22,3.7949048000155017,265,22,q4,False,0,0,0,32,40079,,28,complete_coverage,2.376223500003107,random,defer22,256,11,5917.920059853943
11,original,561.0276247973169,31,11,32_triangles_exact_coordinate_checks,holdout,4,21401.519363852425,20,1,25,4.290785900026094,298,25,q4,False,0,0,0,35,40079,ring_multi_optical,31,complete_coverage,4.251093200000469,random,previous,286,11,6171.303872770485
14,candidate,399.638108760743,19,14,,holdout,4,21444.66761325201,5,1,22,3.390643800026737,206,22,q4,False,0,0,0,35,40080,,34,complete_coverage,2.8264902000082657,random,defer22,191,14,5594.933522650403
14,original,433.07286706148614,30,14,32_triangles_exact_coordinate_checks,holdout,4,22260.100694304023,16,3,25,3.764774999988731,251,25,q4,False,0,0,0,38,40080,ring_multi_optical,45,complete_coverage,3.728971900010947,random,previous,238,14,6063.020138860806
16,candidate,338.85691758087586,16,16,,holdout,8,21418.553406470062,0,0,20,3.9944608000223525,179,22,q4,False,2,0,0,35,40081,,52,complete_upper_bound,3.450319900002796,random,defer22,163,16,5421.710681294014
16,original,300.3457610199175,45,16,32_triangles_exact_coordinate_checks,holdout,8,18007.660881593398,29,2,16,4.2894129999913275,175,25,q4,False,9,0,0,31,40081,ring_multi_optical,46,complete_upper_bound,4.2570059999707155,random,previous,162,16,4805.53217631868
13,candidate,482.34476380324486,18,13,,holdout,6,23052.40964721092,5,1,22,4.162627400015481,265,22,q4,False,0,0,0,34,40082,,35,complete_coverage,3.623807099997066,random,defer22,255,13,6270.481929442183
13,original,524.1550461135458,27,13,32_triangles_exact_coordinate_checks,holdout,6,25105.077997380464,14,4,25,5.242090699961409,283,25,q4,False,0,0,2,37,40082,ring_multi_optical,29,complete_coverage,5.214144099969417,random,previous,271,13,6814.015599476095
10,candidate,629.5375476742331,13,10,,holdout,5,22366.877383711653,3,1,22,4.065162799961399,296,22,q4,False,0,0,0,31,40083,,18,complete_coverage,3.457132199953776,random,defer22,283,10,6295.375476742331
10,original,638.8675067765763,39,10,32_triangles_exact_coordinate_checks,holdout,5,21708.37533882881,29,3,25,3.852020699996501,321,25,q4,False,0,0,0,34,40083,ring_multi_optical,13,complete_coverage,3.826525299984496,random,previous,305,10,6388.675067765763
13,candidate,465.3760201030421,13,13,,holdout,9,22634.44130669773,0,0,22,3.944572100008372,245,22,q4,False,0,0,0,34,40084,,40,complete_coverage,3.2339616999961436,random,defer22,233,13,6049.888261339547
13,original,489.417472435555,46,13,32_triangles_exact_coordinate_checks,holdout,9,22377.135708311074,33,4,25,4.1739502000273205,290,25,q4,False,0,0,1,37,40084,ring_multi_optical,39,complete_coverage,4.140600500046276,random,previous,273,13,6362.427141662215
14,candidate,379.99547248265895,24,14,,holdout,7,19579.68307378614,10,2,22,4.375785699987318,219,22,q4,False,0,0,0,35,40085,,44,complete_coverage,3.5897724000387825,random,defer22,209,14,5319.9366147572255
14,original,423.02384164649305,46,14,32_triangles_exact_coordinate_checks,holdout,7,20376.668915254504,32,4,25,4.212531899975147,282,25,q4,False,0,0,0,38,40085,ring_multi_optical,33,complete_coverage,4.178488899953663,random,previous,271,14,5922.333783050903
15,candidate,402.8961596710924,15,15,,holdout,5,22592.211975331924,0,0,22,3.732333199994173,244,22,q4,False,0,0,0,36,40086,,45,complete_coverage,3.075461699976586,random,defer22,230,15,6043.442395066386
15,original,397.08913367865387,19,15,32_triangles_exact_coordinate_checks,holdout,5,22996.68502589904,4,1,25,5.3672547999885865,214,25,q4,False,0,0,0,39,40086,ring_multi_optical,40,complete_coverage,5.334570800012443,random,previous,200,15,5956.337005179808
16,candidate,390.31265085374736,32,16,,holdout,10,23575.01206829978,16,3,22,4.3517017000122,236,22,q4,False,0,0,0,37,40087,,41,complete_upper_bound,3.817497899988666,random,defer22,222,16,6245.002413659958
16,original,401.9006778064432,27,16,32_triangles_exact_coordinate_checks,holdout,10,24212.054224515443,11,4,25,5.663523399969563,248,25,q4,False,0,0,0,40,40087,ring_multi_optical,45,complete_upper_bound,5.624190399947111,random,previous,235,16,6430.410844903091
16,candidate,354.8363865175158,16,16,,holdout,6,22086.910921401268,0,0,22,4.710042799997609,198,22,q4,False,0,0,0,37,40088,,56,complete_upper_bound,4.046955300029367,random,defer22,190,16,5677.382184280253
16,original,362.43793726403277,64,16,32_triangles_exact_coordinate_checks,holdout,6,21095.034981122593,48,6,22,5.1713831999804825,228,25,q4,False,3,0,0,37,40088,ring_multi_optical,41,complete_upper_bound,5.139357600011863,random,previous,216,16,5799.006996224524
12,candidate,538.6420353913483,20,12,,holdout,6,22908.522123480903,8,4,22,3.0384718000423163,301,22,q4,False,0,0,0,33,40089,,35,complete_coverage,2.3013673000386916,random,defer22,293,12,6463.704424696179
12,original,540.3567491084348,63,12,32_triangles_exact_coordinate_checks,holdout,6,21956.40494650608,51,7,25,3.324072999996133,316,25,q4,False,0,0,0,36,40089,ring_multi_optical,27,complete_coverage,3.2925469999900088,random,previous,300,12,6484.280989301217
13,candidate,511.84642821598425,22,13,,holdout,7,24290.017834038965,9,3,22,3.5472517000162043,286,22,q4,False,0,0,2,34,40090,,34,complete_coverage,3.0020721000037156,random,defer22,274,13,6654.003566807795
13,original,477.47579017992007,28,13,32_triangles_exact_coordinate_checks,holdout,7,21575.926361694797,15,4,25,3.4440041000489146,300,25,q4,False,0,0,0,37,40090,ring_multi_optical,27,complete_coverage,3.4141849000006914,random,previous,282,13,6207.185272338961
13,candidate,486.8088908084622,17,13,,holdout,8,23302.577902550052,4,1,22,3.631763800047338,267,22,q4,False,0,0,0,34,40091,,39,complete_coverage,2.957857100002002,random,defer22,256,13,6328.5155805100085
13,original,517.1176682638286,47,13,32_triangles_exact_coordinate_checks,holdout,8,23282.64843714884,34,8,25,3.1735093999886885,319,25,q4,False,0,0,0,37,40091,ring_multi_optical,20,complete_coverage,3.1470793000189587,random,previous,304,13,6722.529687429771
14,candidate,420.10046376259805,14,14,,holdout,4,22557.03246338187,0,0,22,4.097462799982168,219,22,q4,False,0,0,0,35,40092,,32,complete_coverage,3.4248341000056826,random,defer22,205,14,5881.406492676373
14,original,404.0421767372749,14,14,32_triangles_exact_coordinate_checks,holdout,4,20592.952371609237,0,0,25,4.520827400032431,246,25,q4,False,0,0,0,38,40092,ring_multi_optical,37,complete_coverage,4.47685839998303,random,previous,238,14,5656.590474321848
12,candidate,488.3004648841507,21,12,,holdout,8,20223.027893049042,9,4,22,3.3485759999603033,290,22,q4,False,0,0,1,33,40093,,32,complete_coverage,2.580572300008498,random,defer22,278,12,5859.605578609809
12,original,555.6769887247139,66,12,32_triangles_exact_coordinate_checks,holdout,8,23410.619323482806,54,7,25,3.936740999983158,297,25,q4,False,0,0,2,36,40093,ring_multi_optical,28,complete_coverage,3.901338699972257,random,previous,279,12,6668.123864696566
14,candidate,417.4847992944311,17,14,,holdout,9,21178.93595061019,3,1,22,3.436441800033208,256,22,q4,False,0,0,0,35,40094,,39,complete_coverage,2.597966000030283,random,defer22,250,14,5844.787190122036
14,original,445.47685409631197,15,14,32_triangles_exact_coordinate_checks,holdout,9,21408.379786741836,1,1,25,3.4071865000296384,316,25,q4,False,0,0,1,38,40094,ring_multi_optical,32,complete_coverage,3.3805475999834016,random,previous,302,14,6236.675957348368
13,candidate,433.52509851291603,18,13,,holdout,5,20364.13140333955,5,3,22,3.3469648000318557,249,22,q4,False,0,0,0,34,40095,,31,complete_coverage,2.571517499978654,random,defer22,238,13,5635.826280667909
13,original,477.52185467976506,28,13,32_triangles_exact_coordinate_checks,holdout,5,21193.920554184733,15,5,25,3.567916600033641,312,25,q4,False,0,0,0,37,40095,ring_multi_optical,37,complete_coverage,3.5376069999765605,random,previous,299,13,6207.784110836946
11,candidate,531.9197191058548,14,11,,holdout,6,20985.584550822023,3,1,22,2.76337760000024,267,22,q4,False,0,0,0,32,40096,,37,complete_coverage,2.0958177999709733,random,defer22,255,11,5851.116910164404
11,original,575.3254289506808,59,11,32_triangles_exact_coordinate_checks,holdout,6,21937.89859228744,48,3,25,3.1750567000126466,294,25,q4,False,0,0,0,35,40096,ring_multi_optical,29,complete_coverage,3.147031700005755,random,previous,272,11,6328.5797184574885
15,candidate,410.0312187723481,31,15,,holdout,10,23922.341407926106,16,2,22,4.1232821000157855,211,22,q4,False,0,0,2,36,40097,,58,complete_coverage,3.427892800013069,random,defer22,188,15,6150.468281585221
15,original,391.73814253529434,27,15,32_triangles_exact_coordinate_checks,holdout,10,21940.360690147067,12,4,25,4.045714500010945,233,25,q4,False,0,0,0,39,40097,ring_multi_optical,44,complete_coverage,4.011782499961555,random,previous,212,15,5876.072138029415
11,candidate,534.3289655990154,12,11,,holdout,6,21513.093107945853,1,1,22,2.8075057999813,255,22,q4,False,0,0,0,32,40098,,24,complete_coverage,2.2517764000222087,random,defer22,242,11,5877.618621589169
11,original,570.2921255361206,53,11,32_triangles_exact_coordinate_checks,holdout,6,21646.066904486655,42,4,25,3.1208552999887615,297,25,q4,False,0,0,2,35,40098,ring_multi_optical,29,complete_coverage,3.095435700030066,random,previous,278,11,6273.213380897327
10,candidate,612.1059074702081,18,10,,holdout,7,20975.295373510413,8,2,22,2.269750000035856,310,22,q4,False,0,0,0,31,40099,,35,complete_coverage,1.7343628999660723,random,defer22,302,10,6121.059074702081
10,original,607.8178778151693,32,10,32_triangles_exact_coordinate_checks,holdout,7,20310.893890758452,22,5,25,2.734900999988895,319,25,q4,False,0,0,0,34,40099,ring_multi_optical,29,complete_coverage,2.6953171999775805,random,previous,305,10,6078.178778151692
11,candidate,540.205476172323,19,11,,holdout,5,20331.301189477766,8,2,22,2.3428301999811083,302,22,q4,False,0,0,0,32,40100,,23,complete_coverage,1.816901800048072,random,defer22,287,11,5942.260237895553
11,original,581.3871194064415,28,11,32_triangles_exact_coordinate_checks,holdout,5,21666.291567354278,17,3,25,2.454814400000032,329,25,q4,False,0,0,2,35,40100,ring_multi_optical,15,complete_coverage,2.4344807000015862,random,previous,311,11,6395.258313470857
14,candidate,501.7478828213852,15,14,,stress,14,26662.35179749696,1,2,22,3.4564921999699436,272,22,q4,False,0,0,0,35,201,,62,complete_coverage,2.877672899980098,bias,defer22,259,14,7024.4703594993925
14,original,453.5081466982888,39,14,32_triangles_exact_coordinate_checks,stress,14,23245.570268880205,25,7,25,4.4321598000242375,262,25,q4,False,0,0,4,38,201,ring_multi_optical,38,complete_coverage,4.386823900043964,bias,previous,245,14,6349.114053776043
12,candidate,555.2901577488244,21,12,,stress,12,24237.409464929468,9,4,22,2.8349530999548733,290,22,q4,False,0,0,0,33,202,,33,complete_coverage,2.2914766000467353,bias,defer22,279,12,6663.481892985893
12,original,513.3555577438159,25,12,32_triangles_exact_coordinate_checks,stress,12,21676.333464628955,13,4,25,2.8399586000014096,290,25,q4,False,0,0,0,36,202,ring_multi_optical,24,complete_coverage,2.818182099959813,bias,previous,276,12,6160.266692925791
14,candidate,456.60933498754656,30,14,,stress,14,23447.65344912828,16,4,22,3.0723418000270613,265,22,q4,False,0,0,0,35,203,,38,complete_coverage,2.4707006000098772,bias,defer22,260,14,6392.530689825652
14,original,548.4647296565515,93,14,32_triangles_exact_coordinate_checks,stress,14,28672.531075958635,79,10,25,3.420917899988126,276,25,q4,False,0,0,3,38,203,ring_multi_optical,16,complete_coverage,3.379438400035724,bias,previous,257,14,7678.506215191722
11,candidate,631.5988506852734,19,11,,stress,11,24892.93678769004,8,3,22,2.4979302999563515,317,22,q4,False,0,0,0,32,204,,20,complete_coverage,1.9608614000026137,bias,defer22,305,11,6947.587357538007
11,original,647.5954425115056,62,11,32_triangles_exact_coordinate_checks,stress,11,24202.749338132795,51,7,25,2.478900899994187,349,25,q4,False,0,0,2,35,204,ring_multi_optical,22,complete_coverage,2.453895599988755,bias,previous,330,11,7123.549867626561
15,candidate,447.4637739396996,33,15,,stress,15,25469.78304547748,18,5,22,3.3949225999531336,250,22,q4,False,0,0,0,36,205,,47,complete_coverage,2.8373719000373967,bias,defer22,239,15,6711.956609095494
15,original,463.3480441508493,66,15,32_triangles_exact_coordinate_checks,stress,15,24496.103311313684,51,8,25,3.661037099955138,306,25,q4,False,0,0,4,39,205,ring_multi_optical,34,complete_coverage,3.637711399991531,bias,previous,293,15,6950.22066226274
14,candidate,485.3548419992736,24,14,,stress,14,25219.83893994916,10,2,22,3.0423760000267066,277,22,q4,False,0,0,0,35,206,,31,complete_coverage,2.3578602999914438,bias,defer22,266,14,6794.967787989831
14,original,493.85419181539345,45,14,32_triangles_exact_coordinate_checks,stress,14,23564.79342707755,31,6,25,3.2480820000055246,342,25,q4,False,0,0,2,38,206,ring_multi_optical,42,complete_coverage,3.22091360000195,bias,previous,328,14,6913.958685415509
11,candidate,623.585399250223,24,11,,stress,11,24792.196958762255,13,4,22,3.378884300007485,304,22,q4,False,0,0,0,32,207,,45,complete_coverage,2.6876963999820873,bias,defer22,287,11,6859.439391752452
11,original,642.5395964904568,85,11,32_triangles_exact_coordinate_checks,stress,11,24209.677806975145,74,5,25,3.462698300019838,328,25,q4,False,0,0,0,35,207,ring_multi_optical,32,complete_coverage,3.4359701999928802,bias,previous,309,11,7067.935561395025
13,candidate,510.9353576517297,27,13,,stress,13,25530.798247362425,14,4,22,3.943268899980467,240,22,q4,False,0,0,0,34,208,,42,complete_coverage,3.2762238000286743,bias,defer22,229,13,6642.159649472486
13,original,487.9272008438171,39,13,32_triangles_exact_coordinate_checks,stress,13,23170.26805484812,26,6,25,4.253072499996051,264,25,q4,False,0,0,0,37,208,ring_multi_optical,33,complete_coverage,4.225920700002462,bias,previous,246,13,6343.053610969622
10,candidate,652.2870894576042,30,10,,stress,10,22579.354472880234,20,4,22,2.321658600005321,318,22,q4,False,0,0,0,31,209,,21,complete_coverage,1.7250455999746919,bias,defer22,307,10,6522.870894576042
10,original,690.9021077187008,72,10,32_triangles_exact_coordinate_checks,stress,10,22855.10538593502,62,8,25,2.106295900011901,353,25,q4,False,0,0,0,34,209,ring_multi_optical,14,complete_coverage,2.0740349999978207,bias,previous,337,10,6909.021077187008
12,candidate,533.8407228546777,20,12,,stress,12,23025.443371280657,8,5,22,2.7568599000223912,288,22,q4,False,0,0,0,33,210,,43,complete_coverage,2.2333845000248402,bias,defer22,277,12,6406.088674256132
12,original,536.2674067930695,46,12,32_triangles_exact_coordinate_checks,stress,12,22071.04440758417,34,5,25,3.1325804999796674,312,25,q4,False,0,0,2,36,210,ring_multi_optical,31,complete_coverage,3.104322300001513,bias,previous,299,12,6435.2088815168345
14,candidate,442.83708187981716,17,14,,stress,14,18478.59573158721,3,1,22,2.9980951999896206,409,22,q4,False,0,0,0,35,201,,80,complete_coverage,2.4009642000310123,cluster,defer22,380,14,6199.71914631744
14,original,408.57717482252286,18,14,32_triangles_exact_coordinate_checks,stress,14,19910.402237576607,4,1,25,3.259732799953781,281,25,q4,False,0,0,0,38,201,ring_multi_optical,36,complete_coverage,3.2065817000111565,cluster,previous,251,14,5720.08044751532
12,candidate,541.0884350503961,13,12,,stress,12,20275.30610302377,1,2,22,2.884769900003448,400,22,q4,False,0,0,1,33,202,,42,complete_coverage,2.133256100001745,cluster,defer22,375,12,6493.0612206047535
12,original,498.2875429157589,31,12,32_triangles_exact_coordinate_checks,stress,12,20202.252574945534,19,3,25,3.1026982999756,308,25,q4,False,0,0,0,36,202,ring_multi_optical,24,complete_coverage,3.0736322999582626,cluster,previous,282,12,5979.4505149891065
14,candidate,387.2702022736385,17,14,,stress,14,18203.9141591547,3,2,22,3.4075723999994807,288,22,q4,False,0,0,0,35,203,,49,complete_coverage,2.7507150000310503,cluster,defer22,262,14,5421.782831830939
14,original,399.73339496669223,14,14,32_triangles_exact_coordinate_checks,stress,14,18946.33764766846,0,0,25,3.455160000012256,294,25,q4,False,0,0,0,38,203,ring_multi_optical,39,complete_coverage,3.4182161000208,cluster,previous,267,14,5596.267529533691
11,candidate,493.0128283591512,14,11,,stress,11,19380.70555975332,3,1,22,2.6125133999739774,251,22,q4,False,0,0,0,32,204,,23,complete_coverage,2.0950439000152983,cluster,defer22,228,11,5423.141111950663
11,original,548.8798134577778,23,11,32_triangles_exact_coordinate_checks,stress,11,19883.389740177787,12,2,25,2.3276906000101008,332,25,q4,False,0,0,0,35,204,ring_multi_optical,20,complete_coverage,2.294058399973437,cluster,previous,310,11,6037.677948035555
15,candidate,341.0490727282872,16,15,,stress,15,19583.680454621546,1,2,22,3.903483400004916,191,22,q4,False,0,0,0,36,205,,40,complete_coverage,3.1546807999839075,cluster,defer22,166,15,5115.736090924308
15,original,380.17649751160377,18,15,32_triangles_exact_coordinate_checks,stress,15,19053.237313370286,3,1,25,3.7177979999687523,306,25,q4,False,0,0,0,39,205,ring_multi_optical,51,complete_coverage,3.6791440999950282,cluster,previous,278,15,5702.647462674056
14,candidate,375.9741223532443,14,14,,stress,14,19648.18856472711,0,0,22,3.4897792999981903,214,22,q4,False,0,0,0,35,206,,36,complete_coverage,2.956427899945993,cluster,defer22,194,14,5263.63771294542
14,original,421.178140050334,22,14,32_triangles_exact_coordinate_checks,stress,14,19827.46980352339,8,2,25,2.8197035000193864,311,25,q4,False,0,0,0,38,206,ring_multi_optical,35,complete_coverage,2.7943034999771044,cluster,previous,282,14,5896.493960704675
11,candidate,512.7437840169017,17,11,,stress,11,19025.90812092961,6,2,22,3.1335433999774978,297,22,q4,False,0,0,0,32,207,,29,complete_coverage,2.4854872999712825,cluster,defer22,277,11,5640.181624185919
11,original,514.5872770911382,12,11,32_triangles_exact_coordinate_checks,stress,11,19712.300240012584,1,1,25,3.212688600004185,280,25,q4,False,0,0,0,35,207,ring_multi_optical,20,complete_coverage,3.1817679000087082,cluster,previous,260,11,5660.460048002519
13,candidate,417.8551329807943,13,13,,stress,13,19125.583643751634,0,0,22,2.8222802999662235,261,22,q4,False,0,0,0,34,208,,28,complete_coverage,2.176075200026389,cluster,defer22,237,13,5432.116728750326
13,original,413.91344591459796,13,13,32_triangles_exact_coordinate_checks,stress,13,18999.373984448855,0,0,25,3.2224381000269204,257,25,q4,False,0,0,1,37,208,ring_multi_optical,33,complete_coverage,3.194356299994979,cluster,previous,231,13,5380.874796889773
10,candidate,607.2316577971864,10,10,,stress,10,20831.582889859324,0,0,22,2.2573315000045113,313,22,q4,False,0,0,0,31,209,,24,complete_coverage,1.6302270999876782,cluster,defer22,291,10,6072.316577971864
10,original,588.8048067594281,18,10,32_triangles_exact_coordinate_checks,stress,10,20040.2403379714,8,3,25,2.43774719996145,305,25,q4,False,0,0,2,34,209,ring_multi_optical,25,complete_coverage,2.417633500008378,cluster,previous,281,10,5888.048067594281
12,candidate,484.1686828978693,12,12,,stress,12,19830.120973872163,0,0,22,2.3673543999902904,301,22,q4,False,0,0,0,33,210,,32,complete_coverage,1.76919129997259,cluster,defer22,279,12,5810.024194774432
12,original,467.6117640255687,22,12,32_triangles_exact_coordinate_checks,stress,12,20026.705841534116,10,3,25,2.8448798000463285,257,25,q4,False,0,0,0,36,210,ring_multi_optical,18,complete_coverage,2.817349400022067,cluster,previous,231,12,5611.341168306824
14,candidate,468.44994139021856,16,14,,stress,14,24311.495897315308,2,1,22,3.0373929000343196,272,22,q4,False,0,0,0,35,201,,53,complete_coverage,2.496993899985682,directed,defer22,260,14,6558.29917946306
14,original,442.85859744074025,38,14,32_triangles_exact_coordinate_checks,stress,14,22885.101820851803,24,4,25,3.570626800006721,250,25,q4,False,0,0,0,38,201,ring_multi_optical,33,complete_coverage,3.5309736999915913,directed,previous,231,14,6200.020364170364
12,candidate,541.4567664111246,25,12,,stress,12,23922.405984667465,13,3,22,3.118796199967619,271,22,q4,False,0,0,0,33,202,,31,complete_coverage,2.5497861999901943,directed,defer22,259,12,6497.481196933495
12,original,559.4329667218087,35,12,32_triangles_exact_coordinate_checks,stress,12,24020.978003308548,23,4,25,3.029961199965328,299,25,q4,False,0,0,1,36,202,ring_multi_optical,23,complete_coverage,3.003242400009185,directed,previous,285,12,6713.195600661705
14,candidate,451.7052558174359,33,14,,stress,14,23199.367907220512,19,5,22,3.4210265000001527,261,22,q4,False,0,0,0,35,203,,39,complete_coverage,2.867866199987475,directed,defer22,252,14,6323.8735814441025
14,original,487.78243870394556,44,14,32_triangles_exact_coordinate_checks,stress,14,23749.77070927618,30,6,25,3.35559639998246,323,25,q4,False,0,0,4,38,203,ring_multi_optical,29,complete_coverage,3.328016799991019,directed,previous,304,14,6828.954141855238
11,candidate,631.6416286613294,19,11,,stress,11,24895.289576373107,8,2,22,3.019352500035893,317,22,q4,False,0,0,0,32,204,,20,complete_coverage,2.4555332000018097,directed,defer22,305,11,6948.057915274623
11,original,560.7465319518728,50,11,32_triangles_exact_coordinate_checks,stress,11,20301.059257353005,39,5,25,2.986044400022365,325,25,q4,False,0,0,0,35,204,ring_multi_optical,26,complete_coverage,2.962999499985017,directed,previous,311,11,6168.211851470602
15,candidate,438.8369381430729,15,15,,stress,15,25087.77036073047,0,1,22,3.727893100003712,250,22,q4,False,0,0,0,36,205,,47,complete_coverage,3.2045530999894254,directed,defer22,240,15,6582.554072146094
15,original,460.06068128331424,66,15,32_triangles_exact_coordinate_checks,stress,15,25169.551096248593,51,7,25,3.915880999993533,276,25,q4,False,0,0,1,39,205,ring_multi_optical,33,complete_coverage,3.8865487000439316,directed,previous,259,15,6900.910219249714
14,candidate,488.82830981157935,27,14,,stress,14,25362.981686810548,13,3,22,2.921193599991966,279,22,q4,False,0,0,0,35,206,,33,complete_coverage,2.369016400014516,directed,defer22,267,14,6843.596337362111
14,original,494.04582664229184,40,14,32_triangles_exact_coordinate_checks,stress,14,23648.20786496045,26,5,25,3.004215099965222,342,25,q4,False,0,0,2,38,206,ring_multi_optical,42,complete_coverage,2.9801955000148155,directed,previous,329,14,6916.6415729920855
11,candidate,615.4541533020147,15,11,,stress,11,24539.978431610816,4,1,22,2.428036900004372,302,22,q4,False,0,0,0,32,207,,43,complete_coverage,1.9148263999959454,directed,defer22,285,11,6769.995686322161
11,original,643.5093273212883,93,11,32_triangles_exact_coordinate_checks,stress,11,24233.013002670843,82,6,25,2.623525300004985,325,25,q4,False,0,0,0,35,207,ring_multi_optical,29,complete_coverage,2.584887700038962,directed,previous,306,11,7078.602600534172
13,candidate,462.4257723512285,17,13,,stress,13,22772.675202829858,4,2,22,2.9120267999824136,232,22,q4,False,0,0,0,34,208,,36,complete_coverage,2.404285099997651,directed,defer22,220,13,6011.53504056597
13,original,494.9254113636434,37,13,32_triangles_exact_coordinate_checks,stress,13,22450.151738636792,24,5,25,2.9444711999967694,303,25,q4,False,0,0,0,37,208,ring_multi_optical,43,complete_coverage,2.914958100009244,directed,previous,292,13,6434.030347727364
10,candidate,652.147993348174,34,10,,stress,10,22577.399667408714,24,3,22,2.5518368000048213,316,22,q4,False,0,0,0,31,209,,19,complete_coverage,1.8865338999894448,directed,defer22,304,10,6521.479933481741
10,original,678.7277592904428,43,10,32_triangles_exact_coordinate_checks,stress,10,22566.387964522146,33,5,25,2.5398786999867298,357,25,q4,False,0,0,2,34,209,ring_multi_optical,26,complete_coverage,2.5053317000274546,directed,previous,340,10,6787.277592904428
12,candidate,532.2174518889358,16,12,,stress,12,22958.04711333615,4,2,22,2.640460999973584,289,22,q4,False,0,0,0,33,210,,44,complete_coverage,2.066671100037638,directed,defer22,278,12,6386.609422667229
12,original,583.8717081524513,41,12,32_triangles_exact_coordinate_checks,stress,12,24457.30248914709,29,7,25,3.105736600002274,331,25,q4,False,0,0,4,36,210,ring_multi_optical,37,complete_coverage,3.079584299994167,directed,previous,313,12,7006.4604978294155
14,candidate,568.6616622515418,14,14,,stress,14,30201.316357607935,0,0,22,2.869714099972043,313,22,q4,False,0,0,0,35,201,,34,complete_coverage,2.3043951999861747,edge,defer22,286,14,7961.263271521584
14,original,577.8927681964649,76,14,32_triangles_exact_coordinate_checks,stress,14,26607.493773752605,62,10,25,3.41435979999369,423,25,q4,False,0,0,20,38,201,ring_multi_optical,3,complete_coverage,3.3484904000069946,edge,previous,398,14,8090.498754750509
12,candidate,731.2063511443058,46,12,,stress,12,32252.38106865832,34,8,22,3.318304599961266,365,22,q4,False,0,0,16,33,202,,53,complete_coverage,2.7790880000102334,edge,defer22,337,12,8774.47621373167
12,original,652.0422217504654,60,12,32_triangles_exact_coordinate_checks,stress,12,25182.53330502794,48,8,25,3.260455699986778,435,25,q4,False,0,0,16,36,202,ring_multi_optical,7,complete_coverage,3.23278229997959,edge,previous,409,12,7824.506661005585
14,candidate,597.4098291477201,43,14,,stress,14,30203.688040340403,29,14,22,3.6722800999996252,362,22,q4,False,0,0,28,35,203,,69,complete_coverage,2.9776007999898866,edge,defer22,356,14,8363.73760806808
14,original,562.9915868354076,64,14,32_triangles_exact_coordinate_checks,stress,14,25734.41107847849,50,8,25,3.761846199980937,423,25,q4,False,0,0,16,38,203,ring_multi_optical,3,complete_coverage,3.729081799974665,edge,previous,400,14,7881.882215695707
11,candidate,770.7221032780777,48,11,,stress,11,30879.715680294285,37,7,22,3.201634800003376,360,22,q4,False,0,0,14,32,204,,43,complete_coverage,2.521671399998013,edge,defer22,336,11,8477.943136058855
11,original,681.48004915296,52,11,32_triangles_exact_coordinate_checks,stress,11,23591.402703412812,41,6,25,2.7133785999612883,437,25,q4,False,0,0,12,35,204,ring_multi_optical,0,complete_coverage,2.6799902000348084,edge,previous,415,11,7496.280540682559
15,candidate,634.3061041258168,62,15,,stress,15,35497.95780943621,47,9,22,5.4315031000296585,371,22,q4,False,0,0,18,36,205,,78,complete_coverage,4.68250649998663,edge,defer22,344,15,9514.591561887251
15,original,556.2023987561683,72,15,32_triangles_exact_coordinate_checks,stress,15,28100.179906712638,57,9,25,4.973474099999294,417,25,q4,False,0,0,18,39,205,ring_multi_optical,8,complete_coverage,4.9388125000405125,edge,previous,392,15,8343.035981342526
14,candidate,694.8643049358037,169,14,,stress,14,33345.50134550643,155,14,22,5.071804700011853,425,22,q4,False,0,0,28,35,206,,132,complete_coverage,4.51748719997704,edge,defer22,399,14,9728.100269101253
14,original,575.5190338537215,59,14,32_triangles_exact_coordinate_checks,stress,14,26496.33236976045,45,8,25,3.105236999981571,430,25,q4,False,0,0,16,38,206,ring_multi_optical,8,complete_coverage,3.079810000024736,edge,previous,403,14,8057.266473952101
11,candidate,777.7067034654247,50,11,,stress,11,31238.868690598396,39,7,22,3.2247184000443667,360,22,q4,False,0,0,14,32,207,,34,complete_coverage,2.711368099960964,edge,defer22,335,11,8554.773738119671
11,original,733.3938813104412,57,11,32_triangles_exact_coordinate_checks,stress,11,26326.66347207425,46,7,25,2.657715500041377,439,25,q4,False,0,0,14,35,207,ring_multi_optical,1,complete_coverage,2.6365379000199027,edge,previous,414,11,8067.332694414853
13,candidate,673.1246688084619,64,13,,stress,13,32418.103472550054,51,8,22,3.762687799986452,346,22,q4,False,0,0,16,34,208,,53,complete_coverage,3.270170500036329,edge,defer22,319,13,8750.620694510006
13,original,592.9391817656049,59,13,32_triangles_exact_coordinate_checks,stress,13,24861.046814764293,46,8,25,2.8800423000357114,426,25,q4,False,0,0,16,37,208,ring_multi_optical,0,complete_coverage,2.850921400007792,edge,previous,403,13,7708.209362952863
10,candidate,857.8844084483105,60,10,,stress,10,30809.220422415543,50,8,22,3.028915400034748,373,22,q4,False,0,0,16,31,209,,44,complete_coverage,2.445593499985989,edge,defer22,352,10,8578.844084483106
10,original,734.4269798252669,49,10,32_triangles_exact_coordinate_checks,stress,10,22801.348991263338,39,6,25,2.4942922999616712,440,25,q4,False,0,0,12,34,209,ring_multi_optical,0,complete_coverage,2.4647237000172026,edge,previous,417,10,7344.269798252669
12,candidate,741.493415161911,61,12,,stress,12,32704.604909714693,49,8,22,3.182490399980452,363,22,q4,False,0,0,16,33,210,,53,complete_coverage,2.6814938000170514,edge,defer22,335,12,8897.920981942932
12,original,597.4864427925298,46,12,32_triangles_exact_coordinate_checks,stress,12,22409.186567551762,34,4,25,2.463989500014577,424,25,q4,False,0,0,8,36,210,ring_multi_optical,0,complete_coverage,2.4332971000112593,edge,previous,406,12,7169.8373135103575
14,candidate,461.8627593064171,25,14,,stress,14,24180.393151449196,11,4,22,3.5794775999966078,257,22,q4,False,0,0,0,35,201,,39,complete_coverage,2.9068863000138663,extreme,defer22,242,14,6466.07863028984
14,original,449.02466359349086,31,14,32_triangles_exact_coordinate_checks,stress,14,23311.726451544357,17,7,25,4.410414099984337,254,25,q4,False,0,0,4,38,201,ring_multi_optical,30,complete_coverage,4.342415999970399,extreme,previous,233,14,6286.345290308872
12,candidate,555.5560424918727,32,12,,stress,12,24243.362549512363,20,5,22,2.871152899984736,285,22,q4,False,0,0,0,33,202,,34,complete_coverage,2.3502327000023797,extreme,defer22,273,12,6666.672509902473
12,original,546.4202798537052,42,12,32_triangles_exact_coordinate_checks,stress,12,22515.216791222305,30,8,25,2.684776000038255,319,25,q4,False,0,0,0,36,202,ring_multi_optical,23,complete_coverage,2.659014799981378,extreme,previous,309,12,6557.043358244462
14,candidate,457.504370642628,25,14,,stress,14,23780.305944983942,11,6,22,3.0889905000221916,259,22,q4,False,0,0,0,35,203,,31,complete_coverage,2.511441799986642,extreme,defer22,251,14,6405.061188996791
14,original,485.32090190366245,46,14,32_triangles_exact_coordinate_checks,stress,14,23772.463133256348,32,6,25,3.185787199996412,315,25,q4,False,0,0,4,38,203,ring_multi_optical,21,complete_coverage,3.1641445999848656,extreme,previous,299,14,6794.492626651274
11,candidate,629.8148581202486,18,11,,stress,11,24839.817196613687,7,4,22,2.46328490000451,316,22,q4,False,0,0,0,32,204,,19,complete_coverage,1.9600654999958351,extreme,defer22,304,11,6927.963439322734
11,original,649.8582158195399,62,11,32_triangles_exact_coordinate_checks,stress,11,24392.201870074674,51,8,25,2.5774411999736913,347,25,q4,False,0,0,2,35,204,ring_multi_optical,20,complete_coverage,2.5531673999503255,extreme,previous,327,11,7148.440374014938
15,candidate,435.31663928217165,18,15,,stress,15,24518.747946162883,3,1,22,3.278102400014177,259,22,q4,False,0,0,0,36,205,,46,complete_coverage,2.7739093000418507,extreme,defer22,247,15,6529.749589232575
15,original,461.04867667620147,64,15,32_triangles_exact_coordinate_checks,stress,15,24468.65075071507,49,10,25,3.6614501000149176,302,25,q4,False,0,0,4,39,205,ring_multi_optical,30,complete_coverage,3.6312976999906823,extreme,previous,290,15,6915.730150143022
14,candidate,489.59464345201775,31,14,,stress,14,25411.625041641233,17,4,22,2.899795199977234,277,22,q4,False,0,0,0,35,206,,31,complete_coverage,2.3940113999997266,extreme,defer22,266,14,6854.325008328248
14,original,501.0139289802631,42,14,32_triangles_exact_coordinate_checks,stress,14,24445.97502861844,28,5,25,2.9532054000301287,331,25,q4,False,0,0,2,38,206,ring_multi_optical,34,complete_coverage,2.914938699977938,extreme,previous,316,14,7014.195005723683
11,candidate,562.3320081863917,21,11,,stress,11,22303.260450251553,10,3,22,3.1550980000174604,276,22,q4,False,0,0,0,32,207,,36,complete_coverage,2.3948362999944948,extreme,defer22,260,11,6185.652090050308
11,original,626.6739624354782,52,11,32_triangles_exact_coordinate_checks,stress,11,23892.067933951315,41,6,25,3.339826399984304,326,25,q4,False,0,0,0,35,207,ring_multi_optical,30,complete_coverage,3.3106627999804914,extreme,previous,307,11,6893.41358679026
13,candidate,513.8674670051959,29,13,,stress,13,24526.385355337723,16,5,22,3.9501915999571793,279,22,q4,False,0,0,0,34,208,,40,complete_coverage,3.2686691000126302,extreme,defer22,267,13,6680.277071067547
13,original,510.7618737218509,47,13,32_triangles_exact_coordinate_checks,stress,13,23049.521791920317,34,9,25,4.087413999950513,313,25,q4,False,0,0,0,37,208,ring_multi_optical,31,complete_coverage,4.056632500025444,extreme,previous,298,13,6639.904358384062
10,candidate,705.1108866083263,51,10,,stress,10,24505.54433041634,41,5,22,2.242996600049082,331,22,q4,False,0,0,0,31,209,,21,complete_coverage,1.7182978999917395,extreme,defer22,322,10,7051.108866083263
10,original,672.6347754269364,62,10,32_triangles_exact_coordinate_checks,stress,10,22071.738771346805,52,8,25,2.105048800003715,354,25,q4,False,0,0,1,34,209,ring_multi_optical,17,complete_coverage,2.0794657000224106,extreme,previous,336,10,6726.347754269364
12,candidate,530.8532352420237,23,12,,stress,12,22831.19411452144,11,5,22,2.84541370003717,287,22,q4,False,0,0,0,33,210,,42,complete_coverage,2.3086561000091024,extreme,defer22,276,12,6370.238822904285
12,original,549.6113286948785,40,12,32_triangles_exact_coordinate_checks,stress,12,23601.679721692708,28,6,25,3.7494982999633066,292,25,q4,False,0,0,6,36,210,ring_multi_optical,19,complete_coverage,3.7235049000009894,extreme,previous,271,12,6595.335944338542
14,candidate,523.9897375646926,15,14,,stress,14,27779.28162952849,1,1,22,3.2989293999853544,287,22,q4,False,0,0,0,35,201,,41,complete_coverage,2.7127806000062265,minrange,defer22,272,14,7335.856325905697
14,original,464.45522741203524,37,14,32_triangles_exact_coordinate_checks,stress,14,24096.865918842464,23,5,25,3.6676389999920502,260,25,q4,False,0,0,2,38,201,ring_multi_optical,19,complete_coverage,3.624514699971769,minrange,previous,244,14,6502.373183768494
12,candidate,604.1636596377085,15,12,,stress,12,25254.819578262523,3,2,22,2.3948237000149675,357,22,q4,False,0,0,0,33,202,,35,complete_coverage,1.825523100036662,minrange,defer22,345,12,7249.963915652502
12,original,548.4470128577228,27,12,32_triangles_exact_coordinate_checks,stress,12,22111.820771463354,15,5,25,2.900860699999612,345,25,q4,False,0,0,2,36,202,ring_multi_optical,23,complete_coverage,2.8796445000334643,minrange,previous,329,12,6581.364154292673
14,candidate,489.1068773012202,18,14,,stress,14,24902.481411085417,4,2,22,3.134643200028222,299,22,q4,False,0,0,0,35,203,,34,complete_coverage,2.5658466999884695,minrange,defer22,290,14,6847.496282217083
14,original,496.82917768694244,49,14,32_triangles_exact_coordinate_checks,stress,14,23823.04243808594,35,7,25,3.334897499997169,339,25,q4,False,0,0,4,38,203,ring_multi_optical,29,complete_coverage,3.3053867000271566,minrange,previous,321,14,6955.608487617194
11,candidate,652.2024234718415,16,11,,stress,11,25986.13329095129,5,1,22,2.2241080999956466,320,22,q4,False,0,0,0,32,204,,27,complete_coverage,1.7157115999725647,minrange,defer22,307,11,7174.226658190257
11,original,631.0068015215746,40,11,32_triangles_exact_coordinate_checks,stress,11,23400.374083686624,29,5,25,2.149870999972336,356,25,q4,False,0,0,0,35,204,ring_multi_optical,10,complete_coverage,2.1148248000536114,minrange,previous,339,11,6941.074816737321
15,candidate,485.05796480786915,18,15,,stress,15,27354.34736059018,3,1,22,3.2501067999983206,289,22,q4,False,0,0,0,36,205,,49,complete_coverage,2.5123171000159346,minrange,defer22,276,15,7275.869472118037
15,original,481.95768218805915,65,15,32_triangles_exact_coordinate_checks,stress,15,25826.826164104474,50,8,25,3.474860499962233,310,25,q4,False,0,0,1,39,205,ring_multi_optical,28,complete_coverage,3.4452076999587007,minrange,previous,289,15,7229.365232820887
14,candidate,534.8387542320908,14,14,,stress,14,28268.712796246335,0,1,22,2.918534099997487,296,22,q4,False,0,0,2,35,206,,27,complete_coverage,2.3786522000445984,minrange,defer22,284,14,7487.74255924927
14,original,510.1077936776578,35,14,32_triangles_exact_coordinate_checks,stress,14,24852.545557436053,21,4,25,2.8364582000067458,342,25,q4,False,0,0,2,38,206,ring_multi_optical,29,complete_coverage,2.8085193000151776,minrange,previous,328,14,7141.509111487209
11,candidate,662.1734216735717,11,11,,stress,11,26119.53819204646,0,0,22,3.115611099987291,337,22,q4,False,0,0,0,32,207,,26,complete_coverage,2.4757909000036307,minrange,defer22,320,11,7283.90763840929
11,original,577.3051967230517,34,11,32_triangles_exact_coordinate_checks,stress,11,22076.785819767843,23,4,25,3.191990999970585,305,25,q4,False,0,0,1,35,207,ring_multi_optical,17,complete_coverage,3.163845799979754,minrange,previous,286,11,6350.357163953569
13,candidate,499.39643260156873,23,13,,stress,13,24100.768119101966,10,2,22,2.821249499975238,265,22,q4,False,0,0,0,34,208,,33,complete_coverage,2.262002700008452,minrange,defer22,252,13,6492.1536238203935
13,original,515.1358273010417,31,13,32_triangles_exact_coordinate_checks,stress,13,23643.828774567693,18,5,25,2.9532525000395253,311,25,q4,False,0,0,0,37,208,ring_multi_optical,27,complete_coverage,2.924324399966281,minrange,previous,294,13,6696.765754913542
10,candidate,710.9408687543664,18,10,,stress,10,25242.043437718326,8,2,22,2.3926469000289217,333,22,q4,False,0,0,1,31,209,,35,complete_coverage,1.7815297999768518,minrange,defer22,322,10,7109.408687543664
10,original,685.6737305840528,38,10,32_triangles_exact_coordinate_checks,stress,10,23183.686529202652,28,5,25,2.1433340000221506,351,25,q4,False,0,0,2,34,209,ring_multi_optical,15,complete_coverage,2.116800699965097,minrange,previous,331,10,6856.737305840528
12,candidate,570.993024933362,18,12,,stress,12,24414.581496001723,6,2,22,2.4893525000079535,317,22,q4,False,0,0,0,33,210,,36,complete_coverage,1.8982161000021733,minrange,defer22,306,12,6851.916299200344
12,original,577.6499021923904,35,12,32_triangles_exact_coordinate_checks,stress,12,23958.99413154341,23,5,25,2.9046024000272155,339,25,q4,False,0,0,4,36,210,ring_multi_optical,14,complete_coverage,2.861597300041467,minrange,previous,316,12,6931.798826308685
14,candidate,396.28534930713124,14,14,,stress,0,20669.974451499194,0,0,22,3.6144099999801256,226,22,q4,False,0,0,0,35,201,,30,complete_coverage,2.930364899977576,omni,defer22,214,14,5547.994890299838
14,original,438.61421584656154,36,14,32_triangles_exact_coordinate_checks,stress,0,22302.99510925932,22,3,25,4.385943599976599,260,25,q4,False,0,0,0,38,201,ring_multi_optical,41,complete_coverage,4.312707800010685,omni,previous,244,14,6140.599021851862
12,candidate,442.6658156150974,16,12,,stress,0,19119.948936905843,4,2,22,3.021900199993979,238,22,q4,False,0,0,0,33,202,,34,complete_coverage,2.4577947000507265,omni,defer22,226,12,5311.989787381169
12,original,487.6064323559131,13,12,32_triangles_exact_coordinate_checks,stress,0,20381.385941354787,1,1,25,3.144561499997508,287,25,q4,False,0,0,0,36,202,ring_multi_optical,34,complete_coverage,3.119943699974101,omni,previous,277,12,5851.277188270958
14,candidate,379.10769963180076,14,14,,stress,0,20297.53897422606,0,0,22,4.424771399993915,199,22,q4,False,0,0,0,35,203,,40,complete_coverage,3.7982020000345074,omni,defer22,183,14,5307.507794845211
14,original,425.01470896663557,22,14,32_triangles_exact_coordinate_checks,stress,0,21641.029627664488,8,3,25,4.3863010999630205,257,25,q4,False,0,0,0,38,203,ring_multi_optical,42,complete_coverage,4.365122899995185,omni,previous,243,14,5950.205925532898
11,candidate,503.7077352008708,11,11,,stress,0,19863.925436047906,0,0,22,3.1505023000063375,254,22,q4,False,0,0,0,32,204,,23,complete_coverage,2.5893944000126794,omni,defer22,243,11,5540.785087209579
11,original,521.2688899844366,29,11,32_triangles_exact_coordinate_checks,stress,0,19539.78894914402,18,3,25,3.36215150001226,289,25,q4,False,0,0,0,35,204,ring_multi_optical,30,complete_coverage,3.33477459999267,omni,previous,272,11,5733.957789828802
15,candidate,359.9812542008562,23,15,,stress,0,21028.59406506422,8,2,22,3.375071400019806,185,22,q4,False,0,0,0,36,205,,32,complete_coverage,2.8461612000246532,omni,defer22,170,15,5399.718813012843
15,original,405.3765471644887,36,15,32_triangles_exact_coordinate_checks,stress,0,22668.241037336647,21,4,25,3.832027000025846,238,25,q4,False,0,0,0,39,205,ring_multi_optical,33,complete_coverage,3.798671900003683,omni,previous,219,15,6080.648207467331
14,candidate,398.74995903398894,14,14,,stress,0,20402.497132379234,0,0,22,3.2947897000121884,241,22,q4,False,0,0,0,35,206,,37,complete_coverage,2.7779906999785453,omni,defer22,227,14,5582.499426475845
14,original,435.69690546234034,24,14,32_triangles_exact_coordinate_checks,stress,0,21628.78338236382,10,2,25,3.26987050002208,281,25,q4,False,0,0,0,38,206,ring_multi_optical,33,complete_coverage,3.24217470001895,omni,previous,269,14,6099.756676472764
11,candidate,494.82654731658334,12,11,,stress,0,19695.460102412086,1,1,22,2.8256825999706052,244,22,q4,False,0,0,0,32,207,,29,complete_coverage,2.28266840003198,omni,defer22,226,11,5443.092020482417
11,original,513.7347764919525,14,11,32_triangles_exact_coordinate_checks,stress,0,19775.412707057378,3,2,25,3.131973100011237,275,25,q4,False,0,0,0,35,207,ring_multi_optical,31,complete_coverage,3.0978967999690212,omni,previous,257,11,5651.082541411478
13,candidate,421.89313482118655,13,13,,stress,0,20698.053763377124,0,0,22,3.7206716999644414,216,22,q4,False,0,0,0,34,208,,32,complete_coverage,2.990009500004817,omni,defer22,200,13,5484.610752675425
13,original,463.99819124420264,19,13,32_triangles_exact_coordinate_checks,stress,0,21529.88243087318,6,2,25,3.787064900039695,277,25,q4,False,0,0,0,37,208,ring_multi_optical,29,complete_coverage,3.7491061000037007,omni,previous,258,13,6031.976486174634
10,candidate,551.5582719846309,10,10,,stress,0,19382.913599231546,0,0,22,2.6142560999724083,267,22,q4,False,0,0,0,31,209,,23,complete_coverage,2.0874230000190437,omni,defer22,254,10,5515.5827198463085
10,original,590.609051763829,18,10,32_triangles_exact_coordinate_checks,stress,0,20320.452588191445,8,2,25,2.7384004999767058,298,25,q4,False,0,0,0,34,209,ring_multi_optical,25,complete_coverage,2.7155621999991126,omni,previous,278,10,5906.09051763829
12,candidate,458.9426096761395,12,12,,stress,0,20361.556580568384,0,0,22,2.693481000023894,231,22,q4,False,0,0,0,33,210,,38,complete_coverage,1.995027899974957,omni,defer22,220,12,5507.311316113674
12,original,482.1270399806006,24,12,32_triangles_exact_coordinate_checks,stress,0,20547.62239883603,12,3,25,2.8213893999927677,265,25,q4,False,0,0,0,36,210,ring_multi_optical,40,complete_coverage,2.7974618999869563,omni,previous,255,12,5785.524479767208
14,candidate,575.0715347155149,21,14,,stress,14,30880.007430086036,7,5,22,2.980040199996438,299,22,q4,False,0,0,2,35,201,,33,complete_coverage,2.2205820999806747,tangent,defer22,289,14,8051.001486017209
14,original,556.6126261263191,37,14,32_triangles_exact_coordinate_checks,stress,14,27972.883828842325,23,11,25,2.9709682000102475,346,25,q4,False,0,0,8,38,201,ring_multi_optical,5,complete_coverage,2.9127819999703206,tangent,previous,329,14,7792.576765768467
12,candidate,593.2694383861157,29,12,,stress,12,25796.166303166967,17,3,22,2.9259180000517517,310,22,q4,False,0,0,0,33,202,,20,complete_coverage,2.35101179999765,tangent,defer22,299,12,7119.233260633388
12,original,633.32986937031,21,12,32_triangles_exact_coordinate_checks,stress,12,27614.792162218586,9,5,25,2.8597629999858327,335,25,q4,False,0,0,8,36,202,ring_multi_optical,8,complete_coverage,2.835269499977585,tangent,previous,315,12,7599.95843244372
14,candidate,584.610691633954,65,14,,stress,14,30937.748414376812,51,10,22,3.118096099991817,297,22,q4,False,0,0,0,35,203,,32,complete_coverage,2.588171700015664,tangent,defer22,289,14,8184.549682875357
14,original,425.2564893185077,47,14,32_triangles_exact_coordinate_checks,stress,14,20037.95425229552,33,8,25,2.8994503000285476,298,25,q4,False,0,0,0,38,203,ring_multi_optical,0,complete_coverage,2.8625583999673836,tangent,previous,287,14,5953.590850459108
11,candidate,778.597666720768,19,11,,stress,11,32557.87166964224,8,3,22,2.253616100002546,331,22,q4,False,0,0,2,32,204,,31,complete_coverage,1.7474409000133164,tangent,defer22,319,11,8564.574333928447
11,original,649.5593516719726,45,11,32_triangles_exact_coordinate_checks,stress,11,23450.764341958467,34,7,25,2.211869499995373,386,25,q4,False,0,0,5,35,204,ring_multi_optical,0,complete_coverage,2.1785986999748275,tangent,previous,368,11,7145.152868391699
15,candidate,490.9170868075884,37,15,,stress,15,27983.781510569137,22,6,22,4.200880900025368,272,22,q4,False,0,0,0,36,205,,25,complete_coverage,3.5250439000083134,tangent,defer22,266,15,7363.756302113827
15,original,536.8778286860893,57,15,32_triangles_exact_coordinate_checks,stress,15,29385.837151456675,42,12,25,4.303152900014538,332,25,q4,False,0,0,8,39,205,ring_multi_optical,5,complete_coverage,4.275026599992998,tangent,previous,315,15,8053.16743029134
14,candidate,562.1279300476778,38,14,,stress,14,29118.955103337445,24,6,22,2.6841089999652468,318,22,q4,False,0,0,0,35,206,,50,complete_coverage,2.0597501000156626,tangent,defer22,314,14,7869.791020667488
14,original,429.0743848340826,49,14,32_triangles_exact_coordinate_checks,stress,14,20215.206938385756,35,10,25,2.5831845000502653,300,25,q4,False,0,0,0,38,206,ring_multi_optical,0,complete_coverage,2.5524934999994002,tangent,previous,289,14,6007.041387677156
11,candidate,786.5992896391346,22,11,,stress,11,32977.96093015241,11,4,22,2.581231000018306,330,22,q4,False,0,0,0,32,207,,27,complete_coverage,2.060797200014349,tangent,defer22,319,11,8652.59218603048
11,original,561.2869210419224,43,11,32_triangles_exact_coordinate_checks,stress,11,19995.78065730572,32,8,25,2.2467274999944493,340,25,q4,False,0,0,0,35,207,ring_multi_optical,0,complete_coverage,2.2174809999996796,tangent,previous,324,11,6174.156131461146
13,candidate,616.3491848505762,31,13,,stress,13,30297.69701528743,18,6,22,2.8731729999999516,307,22,q4,False,0,0,2,34,208,,33,complete_coverage,2.3238631000276655,tangent,defer22,299,13,8012.53940305749
13,original,577.0749895751239,44,13,32_triangles_exact_coordinate_checks,stress,13,26074.874322383035,31,10,25,2.7784695999580435,358,25,q4,False,0,0,8,37,208,ring_multi_optical,5,complete_coverage,2.7489327000221238,tangent,previous,339,13,7501.9748644766105
10,candidate,842.1077631006638,11,10,,stress,10,31690.388155033175,1,3,22,2.161292799981311,340,22,q4,False,0,0,2,31,209,,28,complete_coverage,1.5431806999840774,tangent,defer22,330,10,8421.077631006638
10,original,739.1332423332299,29,10,32_triangles_exact_coordinate_checks,stress,10,24856.662116661475,19,5,25,2.1074118000105955,388,25,q4,False,0,0,0,34,209,ring_multi_optical,14,complete_coverage,2.073830499954056,tangent,previous,373,10,7391.332423332299
12,candidate,654.2494448875473,33,12,,stress,12,29189.96669325283,21,4,22,2.4908522000187077,317,22,q4,False,0,0,1,33,210,,24,complete_coverage,1.9949936000048183,tangent,defer22,305,12,7850.993338650567
12,original,595.9590036805968,52,12,32_triangles_exact_coordinate_checks,stress,12,24262.54022083577,40,7,25,2.642331499955617,356,25,q4,False,0,0,6,36,210,ring_multi_optical,3,complete_coverage,2.618582100025378,tangent,previous,339,12,7151.508044167162
